Age,Gender,Ethnicity,ParentalEducation,StudyTimeWeekly,Absences,Tutoring,ParentalSupport,Extracurricular,Sports,Music,Volunteering,GPA,GradeClass
18,Male,Caucasian,1,15.40875606,0,0,1,0,0,0,0,3.042914833,B
15,Male,Asian,3,4.210569769,26,0,2,0,0,0,0,0.112602254,F
17,Female,Caucasian,3,10.02882947,14,0,3,1,0,0,0,2.05421814,D
17,Female,Caucasian,2,4.672495273,17,1,3,0,0,0,0,1.288061182,F
18,Male,Caucasian,1,8.191218545,0,0,1,1,0,0,0,3.084183614,B
15,Male,African American,1,15.60168047,10,0,3,0,1,0,0,2.748237415,C
16,Female,Caucasian,1,18.44446636,0,0,3,1,0,0,0,3.57347421,A
17,Male,Caucasian,1,11.85136366,11,0,1,0,0,0,0,2.147171625,D
17,Male,African American,1,10.03871162,21,0,3,1,0,0,0,1.520077815,F
17,Male,African American,2,12.10142507,21,0,4,0,1,0,0,1.751580958,F
18,Female,Caucasian,1,11.19781064,9,1,2,0,0,0,0,2.396788117,D
15,Male,Caucasian,2,9.728100711,17,1,0,0,1,0,0,1.341520717,F
18,Male,Other,1,10.09865608,14,0,2,1,1,0,0,2.232175278,D
18,Female,Caucasian,0,3.528238209,16,1,2,0,0,0,0,1.384404176,F
15,Male,Caucasian,2,15.32314203,25,0,1,1,0,0,0,0.346894037,F
16,Female,African American,0,18.64887957,29,1,1,0,0,0,0,0.312546231,F
18,Female,Caucasian,1,7.380354648,15,0,2,0,0,0,0,1.505155622,F
16,Male,Caucasian,1,10.36799253,2,0,2,0,1,0,0,2.948717672,C
18,Male,Caucasian,0,18.67974837,10,0,3,1,0,0,0,2.854803929,C
18,Male,Caucasian,2,3.671592547,20,0,3,1,0,0,0,1.519441726,F
15,Male,Asian,2,5.055317199,12,1,0,0,1,0,0,1.72712031,F
18,Male,Caucasian,3,7.663289371,25,0,1,0,1,0,0,0.384616973,F
16,Male,Other,3,15.89325785,21,0,0,1,1,0,0,0.949406098,F
16,Male,Caucasian,3,9.126336411,27,1,2,1,1,0,0,1.140959418,F
15,Male,Other,1,3.4153652,23,0,1,0,0,0,0,0.26147226,F
18,Male,Caucasian,1,5.34419791,26,1,1,0,0,0,0,0.218284857,F
15,Male,Asian,1,10.1822677,21,1,1,0,1,0,0,1.067763551,F
15,Female,African American,1,2.949078349,3,1,1,1,1,0,0,3.018905858,B
17,Female,Asian,1,12.23311351,21,1,3,1,1,0,0,1.526867832,F
17,Female,Other,2,11.31494613,23,1,1,0,0,0,0,1.0582874,F
17,Male,Caucasian,1,14.29404633,7,0,2,0,0,0,0,2.625128098,C
16,Female,Other,2,18.75409231,12,1,4,0,0,0,0,2.808754822,C
18,Female,Caucasian,1,18.24509122,9,0,2,0,1,0,0,2.888891669,C
18,Female,Caucasian,1,18.92151236,1,1,3,1,1,0,0,4.0,A
18,Male,African American,2,2.631306133,5,0,1,1,0,0,0,2.56376543,C
17,Male,Caucasian,2,6.04553401,15,0,2,0,0,0,0,1.703611803,F
16,Female,African American,1,19.44106949,16,0,4,1,0,0,0,2.461046963,D
17,Female,Asian,2,17.18649902,5,0,3,0,0,0,0,2.935477192,C
18,Male,Caucasian,2,8.467160547,13,0,1,0,1,0,0,1.66431069,F
17,Male,Caucasian,0,0.186205815,29,1,2,1,1,0,0,0.756259167,F
18,Male,Caucasian,1,8.847874815,25,0,2,0,1,0,0,0.802769539,F
17,Male,Caucasian,1,6.771080549,9,1,3,0,1,0,0,2.613838694,C
15,Female,Other,0,9.468698672,23,0,3,0,1,0,0,0.929012555,F
15,Male,African American,3,13.23803153,11,0,3,0,1,0,0,2.234238473,D
15,Male,Caucasian,1,8.68097737,8,0,2,0,1,0,0,2.385828219,D
17,Male,Caucasian,2,16.38855707,3,1,4,0,0,0,0,3.347356744,B
16,Male,African American,1,18.11164275,6,1,3,1,0,0,0,3.261855307,B
15,Female,Caucasian,1,10.63865955,28,0,0,0,1,0,0,0.027818625,F
16,Male,African American,2,13.3709339,6,0,2,1,0,0,0,2.937454182,C
15,Male,African American,1,3.25805309,8,0,2,1,1,0,0,2.556801663,C
16,Male,Caucasian,3,16.24827315,4,1,2,0,0,0,0,3.300928569,B
16,Male,Caucasian,3,18.28680885,17,0,3,0,1,0,0,1.855865573,F
18,Male,Caucasian,2,5.305701782,3,0,3,0,0,0,0,2.734401494,C
18,Female,African American,3,18.0790613,18,1,1,1,1,0,0,2.131737297,D
17,Female,Caucasian,0,6.413255095,19,0,1,0,0,0,0,0.979769911,F
18,Female,Other,1,11.04676027,25,0,3,0,1,0,0,0.994325024,F
17,Male,Other,1,1.010149417,6,0,1,0,1,0,0,2.074699977,D
18,Female,Asian,2,0.877621767,25,0,2,0,0,0,0,0.500508036,F
15,Female,African American,1,14.40746425,7,0,0,1,1,0,0,2.532438418,C
18,Male,Asian,1,8.88959956,16,0,1,0,1,0,0,1.463378036,F
17,Female,Caucasian,2,5.125847507,12,0,3,1,1,0,0,2.342836773,D
17,Female,Asian,3,3.80826992,23,0,3,0,0,0,0,1.158846334,F
18,Female,Caucasian,2,7.724727906,0,0,2,1,1,0,0,3.506920071,A
16,Male,Caucasian,2,9.697174794,1,1,3,0,0,0,0,3.552286943,A
16,Male,Other,2,7.099902316,16,1,3,0,1,0,0,2.238491354,D
16,Female,Caucasian,1,6.4142433,4,0,1,1,1,0,0,2.708472344,C
18,Male,Caucasian,2,0.468659107,5,0,2,0,1,0,0,2.55523286,C
15,Male,Caucasian,1,17.50017399,24,0,2,0,0,0,0,0.722056581,F
16,Male,African American,1,15.16769543,27,0,3,1,1,0,0,0.942415395,F
18,Female,Caucasian,2,12.12027664,20,1,2,0,1,0,0,1.515639098,F
16,Female,African American,0,11.40625016,29,0,3,1,0,0,0,0.648273927,F
18,Female,Caucasian,0,12.45098792,15,0,1,0,1,0,0,1.464187924,F
16,Female,Asian,2,4.156476829,24,1,3,1,1,0,0,1.487946865,F
17,Male,Asian,1,10.08140159,12,1,4,0,0,0,0,2.587565796,C
18,Male,African American,1,10.89763372,4,1,3,0,0,0,0,3.220806978,B
18,Female,Caucasian,1,18.96850311,2,0,2,0,0,0,0,3.089598953,B
17,Male,Asian,0,14.44747015,13,1,2,0,0,0,0,2.198593185,D
16,Female,Asian,2,9.855626917,16,0,4,0,0,0,0,1.819511336,F
18,Female,Caucasian,1,3.214266984,26,0,3,0,1,0,0,0.619350931,F
18,Female,Caucasian,3,3.170404681,12,1,1,1,1,0,0,2.174902796,D
17,Female,Other,1,12.78772843,4,0,3,0,0,0,0,3.101673809,B
18,Female,Caucasian,2,8.606328561,14,0,4,1,0,0,0,2.590553445,C
16,Female,African American,3,5.494100656,1,0,3,1,0,0,0,3.535003758,A
15,Male,Asian,2,17.75503049,10,1,1,0,1,0,0,2.819921745,C
18,Male,African American,2,0.811714243,12,1,1,1,1,0,0,2.016596775,D
18,Female,Caucasian,1,18.27454988,22,1,3,0,0,0,0,1.371185039,F
18,Female,Caucasian,1,16.65988277,9,0,1,0,0,0,0,2.104795588,D
15,Female,Caucasian,3,5.951414329,2,0,3,0,0,0,0,3.030439089,B
15,Male,Asian,1,15.78581309,4,1,2,0,1,0,0,3.582421872,A
15,Female,Caucasian,1,0.624271207,2,0,1,1,0,0,0,2.426546706,D
17,Male,Caucasian,2,19.33731101,5,1,2,1,0,0,0,3.16143627,B
15,Male,Other,1,10.53189885,12,0,2,1,0,0,0,2.12263853,D
17,Female,African American,2,1.328107069,7,0,3,1,0,0,0,2.738795716,C
15,Female,Asian,3,19.78699028,17,1,3,0,0,0,0,2.237901301,D
18,Female,Caucasian,0,0.785838903,2,0,3,1,0,0,0,3.139481546,B
15,Female,Caucasian,1,13.09814246,23,1,0,1,1,0,0,1.046044771,F
18,Female,Asian,2,8.854718554,23,1,3,0,0,0,0,0.816458245,F
18,Male,Asian,2,4.919994806,7,1,2,1,1,0,0,2.432078523,D
17,Female,Caucasian,3,10.64173648,9,0,3,1,0,0,0,2.65977132,C
17,Male,Asian,1,14.05732888,11,0,3,0,1,0,0,2.314587628,D
18,Male,Asian,2,3.8757826,5,0,3,1,0,0,0,2.881612321,C
17,Female,African American,1,14.7630151,20,1,3,0,1,0,0,1.762921124,F
17,Male,Caucasian,2,11.46983528,23,0,2,0,0,0,0,1.030657506,F
15,Female,Caucasian,2,4.30487641,2,0,2,1,0,0,0,3.075619354,B
16,Male,Caucasian,3,17.232499,16,1,3,1,1,0,0,2.631434065,C
16,Male,Caucasian,2,10.3698595,6,0,2,0,0,0,0,2.784237837,C
15,Female,Caucasian,3,7.046177684,28,0,2,0,0,0,0,0.247626765,F
15,Female,Other,3,5.370001524,22,1,3,0,0,0,0,1.293573556,F
18,Female,Other,2,10.67233863,7,0,3,1,0,0,0,2.670559615,C
16,Female,African American,3,18.88082557,11,1,2,1,0,0,0,2.369648013,D
15,Male,Caucasian,3,7.92554525,13,0,2,0,1,0,0,1.62448682,F
18,Female,Caucasian,1,13.87726685,15,1,2,1,1,0,0,2.537476828,C
17,Female,African American,0,9.78645495,9,0,4,0,1,0,0,2.298417929,D
17,Female,Asian,2,10.25152432,14,0,3,1,0,0,0,2.25980415,D
16,Female,Asian,2,5.355486292,20,0,2,0,1,0,0,1.321343301,F
18,Female,Caucasian,2,9.099015537,23,0,3,0,1,0,0,0.949974228,F
17,Female,Caucasian,1,14.13285043,14,1,3,0,0,0,0,2.339224513,D
18,Female,Caucasian,2,18.81279998,9,0,2,0,1,0,0,2.682776288,C
18,Female,Caucasian,1,6.58642555,20,1,1,1,0,0,0,1.543837471,F
16,Female,Caucasian,2,0.844009372,27,0,3,1,0,0,0,0.196901105,F
17,Female,Asian,2,9.92590251,6,0,3,0,0,0,0,2.748610257,C
15,Female,Caucasian,1,3.368811023,2,0,2,1,0,0,0,2.553439811,C
15,Male,Caucasian,2,19.69858217,5,1,3,0,0,0,0,3.186060378,B
17,Male,Caucasian,1,18.91549434,20,0,3,1,0,0,0,1.72211575,F
17,Female,African American,2,17.5072648,9,1,4,1,1,0,0,3.273998748,B
15,Male,African American,2,9.076931276,26,1,3,1,0,0,0,0.896397899,F
16,Female,Caucasian,2,10.81221989,2,0,3,0,0,0,0,2.961055259,C
17,Female,African American,3,16.9920035,8,0,1,1,0,0,0,2.674351095,C
17,Female,Caucasian,2,9.602698793,23,0,0,1,1,0,0,1.217873151,F
16,Male,Asian,2,7.464147382,21,1,3,0,0,0,0,1.36559111,F
17,Female,Caucasian,2,11.58259608,13,1,3,0,0,0,0,2.231402397,D
15,Male,African American,1,3.781553076,9,0,2,1,0,0,0,2.135266355,D
17,Female,African American,1,18.01815461,12,0,2,0,0,0,0,2.255698915,D
16,Female,African American,0,12.66537835,26,0,3,1,1,0,0,0.897634159,F
15,Female,Asian,2,2.419213245,21,0,2,0,0,0,0,0.571053098,F
17,Female,Asian,3,1.573953504,28,0,3,1,0,0,0,0.581355799,F
18,Female,African American,1,8.055710681,18,0,1,0,0,0,0,1.234844041,F
15,Female,Asian,2,1.784443361,12,0,2,1,0,0,0,2.00929848,D
18,Male,Caucasian,2,8.619661257,18,0,1,1,0,0,0,1.146086034,F
15,Male,Caucasian,2,3.495734301,12,1,4,0,0,0,0,2.192363198,D
18,Male,Caucasian,2,11.22300425,25,0,2,1,0,0,0,0.567250028,F
16,Female,African American,1,13.74873722,21,0,1,0,0,0,0,0.970764347,F
15,Male,Caucasian,1,5.725180708,1,0,3,1,0,0,0,3.258294685,B
17,Male,African American,1,8.476163703,14,1,2,0,0,0,0,1.920055853,F
17,Female,Caucasian,3,12.99727843,11,0,3,0,0,0,0,2.021771494,D
15,Male,Caucasian,2,0.493945954,29,1,1,1,0,0,0,0.125933075,F
18,Female,Asian,1,16.20518261,26,1,2,1,0,0,0,1.287013412,F
18,Female,Asian,3,5.564343741,19,1,3,0,0,0,0,1.463379649,F
17,Female,Caucasian,1,1.232159706,17,0,3,0,0,0,0,1.465549386,F
18,Female,Caucasian,3,4.998034433,3,0,3,0,0,0,0,2.621623326,C
16,Female,Caucasian,1,1.312015299,24,0,0,1,0,0,0,0.768316386,F
15,Male,Asian,1,11.44815452,19,0,2,0,0,0,0,0.881866353,F
16,Male,Caucasian,2,8.090390489,27,0,3,0,1,0,0,0.817068221,F
15,Male,Asian,2,7.272228984,12,1,0,0,0,0,0,1.446132528,F
15,Male,Asian,2,4.336285519,2,0,3,0,1,0,0,3.339094362,B
16,Female,Caucasian,1,13.39222513,25,0,2,0,0,0,0,0.819625478,F
18,Female,Other,1,19.41336056,25,0,2,0,0,0,0,0.676817973,F
18,Female,Caucasian,2,8.483701115,14,0,0,0,1,0,0,1.63986755,F
18,Female,African American,3,8.933774435,2,0,0,0,1,0,0,2.511743021,C
16,Male,Caucasian,3,6.095218256,2,1,2,0,1,0,0,3.088699868,B
17,Female,Caucasian,2,3.636169313,13,0,0,1,1,0,0,1.641341443,F
18,Female,Asian,1,1.718207764,2,0,2,0,1,0,0,2.586870656,C
15,Female,African American,0,14.28238282,12,1,2,0,0,0,0,2.389032645,D
17,Male,Other,2,3.924685634,14,0,2,1,0,0,0,1.8981464,F
16,Female,Asian,1,13.80150708,17,0,4,0,1,0,0,2.110487975,D
15,Female,Other,1,7.807528921,13,0,2,0,0,0,0,1.700273589,F
15,Female,Asian,2,8.31549602,20,0,2,1,0,0,0,1.044499995,F
15,Male,Caucasian,2,9.383549922,25,0,2,0,1,0,0,1.194166134,F
16,Male,Asian,1,2.012399544,18,0,3,0,1,0,0,1.234141389,F
15,Male,African American,1,6.1926362,7,0,2,1,0,0,0,2.127408866,D
18,Male,Caucasian,2,13.27468721,3,1,1,1,0,0,0,2.913887649,C
15,Female,Other,2,5.724486145,18,1,0,0,0,0,0,1.036378738,F
17,Male,Caucasian,2,3.86894456,0,1,3,0,0,0,0,3.156508064,B
18,Female,Caucasian,1,0.460941768,14,0,1,1,1,0,0,1.530951146,F
17,Male,Caucasian,2,17.934931,0,0,1,0,0,0,0,3.468581349,B
15,Female,Caucasian,2,4.214133301,6,0,1,1,0,0,0,2.302032044,D
16,Male,Caucasian,2,4.550677539,20,1,1,1,0,0,0,1.265677909,F
17,Male,Asian,1,12.78525766,23,0,2,0,0,0,0,0.80943381,F
16,Female,Asian,2,1.502859064,10,1,3,0,0,0,0,2.15023327,D
18,Male,Caucasian,1,2.684048527,26,0,3,0,0,0,0,0.559143716,F
18,Female,African American,3,12.89513453,28,0,3,0,0,0,0,0.580788485,F
17,Female,Asian,0,14.15895653,21,1,2,0,1,0,0,1.002798364,F
16,Female,Caucasian,2,11.14849489,15,0,3,0,0,0,0,1.663063453,F
18,Female,African American,2,13.01655901,11,0,4,0,0,0,0,2.205842147,D
15,Female,Caucasian,2,10.72820766,13,1,1,0,0,0,0,2.15375834,D
15,Male,Asian,3,5.357471656,23,0,0,1,1,0,0,0.912330507,F
16,Male,Caucasian,3,12.08009995,28,1,3,0,0,0,0,0.695630933,F
15,Male,African American,2,17.42667185,13,1,2,0,0,0,0,2.139619891,D
16,Female,Caucasian,1,19.978094,17,0,3,0,0,0,0,1.550449331,F
17,Male,Caucasian,1,5.141921788,5,1,1,0,0,0,0,2.33254032,D
17,Female,Caucasian,0,7.345554026,25,0,1,0,0,0,0,0.346470593,F
15,Male,Caucasian,2,18.27629045,12,1,1,0,0,0,0,1.894904336,F
15,Male,African American,2,7.365909353,17,0,1,0,0,0,0,1.456742601,F
15,Male,Caucasian,2,7.468891823,4,0,2,1,0,0,0,2.553723151,C
18,Male,Asian,0,7.670690249,5,0,1,0,0,0,0,2.224197461,D
17,Male,Caucasian,2,13.01576642,18,0,4,1,0,0,0,1.849760707,F
16,Male,Caucasian,2,16.35808354,3,0,4,0,0,0,0,3.101229221,B
16,Male,Caucasian,0,17.41594345,10,1,4,0,1,0,0,3.088512306,B
17,Female,Caucasian,1,10.254998,11,1,3,0,0,0,0,1.992559805,F
15,Female,African American,3,7.965004697,13,1,3,0,1,0,0,2.605247446,C
18,Male,African American,1,9.943345614,12,1,1,0,0,0,0,1.733972454,F
15,Female,Caucasian,1,13.34831061,28,0,3,1,0,0,0,1.113848788,F
15,Female,Caucasian,2,0.25530853,9,0,0,1,0,0,0,1.649250252,F
17,Female,Other,2,17.43103713,17,0,2,0,0,0,0,1.33755498,F
16,Female,African American,0,8.934790506,15,0,4,0,0,0,0,1.984659919,F
15,Female,Caucasian,1,2.764911313,7,1,1,0,0,0,0,2.392897358,D
18,Female,Asian,0,8.789307487,13,0,4,0,0,0,0,2.08379699,D
18,Male,African American,3,8.07293389,25,0,1,1,0,0,0,0.322286082,F
16,Male,Other,1,13.57320188,27,0,3,0,1,0,0,1.129514334,F
18,Female,Caucasian,0,8.417930575,23,0,2,1,0,0,0,0.630756944,F
18,Female,Asian,3,11.98555036,24,0,1,0,0,0,0,0.680087787,F
17,Female,Asian,1,16.14955871,25,0,0,0,0,0,0,0.796359848,F
17,Male,Caucasian,2,2.187118062,5,1,1,0,1,0,0,2.844039215,C
18,Female,Caucasian,0,7.945825859,15,1,0,0,1,0,0,1.253451854,F
17,Female,Caucasian,2,6.736954029,27,0,4,0,0,0,0,0.534508881,F
15,Female,Caucasian,2,11.38964776,3,1,3,1,0,0,0,3.191046118,B
16,Male,African American,1,1.566764355,10,0,3,0,0,0,0,2.157122303,D
18,Female,Caucasian,1,1.451495961,2,0,1,1,0,0,0,2.72382806,C
15,Female,Caucasian,1,17.00635416,11,0,4,1,0,0,0,2.627693906,C
18,Female,Caucasian,1,4.257001721,29,1,3,1,1,0,0,0.912415621,F
16,Male,Caucasian,0,13.37506509,4,0,2,0,0,0,0,2.609623082,C
16,Female,African American,2,10.85756265,5,1,1,0,1,0,0,2.981992255,C
17,Female,Caucasian,3,2.595659314,15,1,3,0,0,0,0,1.916961896,F
18,Female,Asian,2,11.13636721,22,0,0,0,0,0,0,1.011253195,F
18,Male,Asian,2,18.92757307,10,0,1,1,1,0,0,2.332159041,D
15,Male,Caucasian,2,6.538842005,8,0,3,0,1,0,0,2.384690791,D
18,Male,Caucasian,2,12.13378646,2,0,0,0,0,0,0,2.780816996,C
16,Female,Caucasian,2,16.73855666,7,0,2,0,0,0,0,2.542214349,C
18,Male,Caucasian,1,19.90967221,5,0,3,0,0,0,0,3.007129067,B
15,Male,Caucasian,1,0.451371664,3,0,2,1,0,0,0,2.985809814,C
17,Male,Caucasian,3,2.257162894,11,0,2,0,1,0,0,1.949306057,F
18,Male,Asian,0,12.18935527,11,0,3,0,0,0,0,2.147845196,D
17,Female,Caucasian,3,5.704886846,20,0,1,1,0,0,0,1.400363254,F
16,Female,Asian,1,1.127637077,21,0,2,0,0,0,0,1.033459491,F
17,Female,African American,3,10.11618445,12,0,3,0,0,0,0,1.88090929,F
18,Female,Caucasian,0,7.096914469,11,0,3,0,0,0,0,1.386464562,F
17,Female,Caucasian,0,12.25368689,4,0,2,0,0,0,0,2.833760072,C
15,Male,Caucasian,1,10.95232201,3,0,4,0,0,0,0,2.87403736,C
15,Male,African American,2,12.80966586,1,0,2,0,1,0,0,2.895671305,C
18,Female,Asian,0,5.188983421,2,1,3,0,0,0,0,3.181307602,B
18,Male,African American,2,1.692975072,25,0,3,0,0,0,0,0.471283109,F
17,Male,Caucasian,3,2.385433441,11,1,2,0,0,0,0,2.211379528,D
16,Female,Asian,2,4.491647653,2,1,3,1,1,0,0,3.375252255,B
18,Female,African American,1,10.00395871,3,0,4,0,1,0,0,3.203858191,B
17,Male,African American,2,14.02586684,11,0,2,0,0,0,0,1.72579153,F
18,Male,Caucasian,2,15.78081208,18,0,4,1,0,0,0,2.216603815,D
15,Female,Other,2,8.093074833,29,1,0,0,0,0,0,0.715742046,F
16,Female,Asian,1,11.81832186,8,0,0,0,0,0,0,2.136399546,D
16,Male,Caucasian,1,19.78433367,24,1,1,0,1,0,0,0.911568271,F
17,Female,Caucasian,3,3.336594099,20,1,1,0,0,0,0,1.13780111,F
18,Male,African American,2,15.59063364,26,0,3,0,0,0,0,0.623747437,F
16,Male,Caucasian,1,16.59287611,8,0,0,0,0,0,0,2.223813667,D
15,Female,African American,2,18.91347074,22,1,2,1,0,0,0,1.623077822,F
18,Male,Caucasian,1,8.178544715,8,1,1,1,0,0,0,2.200896322,D
18,Male,African American,2,13.23939679,14,0,4,0,1,0,0,2.584110655,C
15,Male,African American,0,9.297095616,1,0,1,1,0,0,0,2.996503304,C
15,Male,Caucasian,2,8.99197812,10,1,3,1,0,0,0,2.830404456,C
15,Female,Caucasian,1,16.21207697,20,0,3,0,0,0,0,1.599593888,F
15,Male,Caucasian,1,14.71041412,19,1,1,1,0,0,0,1.799409149,F
18,Male,Caucasian,2,13.27583248,6,0,3,0,0,0,0,2.657638557,C
17,Male,Caucasian,2,2.267741911,2,0,4,0,0,0,0,2.998484062,C
15,Male,Caucasian,0,10.00610313,17,0,2,0,0,0,0,1.375164137,F
17,Male,Other,2,18.39741868,10,0,4,0,0,0,0,2.4424562,D
17,Female,Asian,3,1.103131812,1,0,2,1,0,0,0,2.856038514,C
18,Female,Asian,3,16.41283121,24,1,1,1,0,0,0,1.20615023,F
18,Female,Caucasian,0,0.753947808,20,0,1,1,1,0,0,0.89590299,F
17,Female,Other,2,7.343392514,26,0,1,0,0,0,0,0.273190929,F
18,Female,Other,1,2.962015973,18,0,2,0,0,0,0,1.089440604,F
16,Female,Other,3,14.92627625,6,0,3,0,0,0,0,2.813211008,C
15,Male,Other,3,3.371980969,7,0,3,1,1,0,0,3.035693596,B
17,Female,Caucasian,2,18.33286205,27,0,3,0,1,0,0,0.99412941,F
15,Female,African American,1,14.10993304,20,0,2,0,0,0,0,1.232557166,F
18,Male,Caucasian,3,13.43558541,27,0,2,0,1,0,0,0.864403743,F
18,Female,African American,1,7.886822927,26,0,0,0,0,0,0,0.115231855,F
16,Male,Other,1,0.025688511,3,0,4,1,0,0,0,2.934586305,C
18,Male,Caucasian,2,2.403185175,16,0,4,1,0,0,0,2.046938817,D
18,Female,Asian,2,10.6910909,4,0,2,1,0,0,0,3.065473134,B
16,Female,Other,3,13.50259772,11,0,2,0,1,0,0,2.4370263,D
17,Female,Other,1,8.348965678,8,0,3,0,1,0,0,2.427614636,D
18,Female,Other,2,14.61358023,25,0,1,0,0,0,0,0.777150955,F
15,Male,Other,0,1.483523912,12,0,3,0,0,0,0,1.596574874,F
17,Male,Asian,1,3.840325019,24,0,1,0,1,0,0,0.704595243,F
15,Male,Caucasian,1,16.79996446,27,0,2,1,1,0,0,0.764186697,F
15,Male,Caucasian,1,14.49825493,17,1,2,1,0,0,0,1.503416679,F
18,Male,Caucasian,2,2.351144982,8,0,1,1,1,0,0,2.270841108,D
16,Male,African American,2,19.80445069,3,0,2,0,0,0,0,3.402352539,B
16,Female,African American,3,19.94845878,7,0,3,0,0,0,0,3.112281137,B
18,Female,Caucasian,3,13.36038905,16,0,1,0,0,0,0,1.655613323,F
15,Female,Other,1,6.403623349,12,0,2,1,1,0,0,2.025416982,D
18,Male,Caucasian,2,13.40507952,1,0,2,0,0,0,0,3.268302548,B
15,Male,African American,1,3.758071776,12,0,3,1,1,0,0,2.017218039,D
16,Female,Caucasian,2,12.49590797,8,0,2,1,0,0,0,2.397682579,D
15,Female,Caucasian,2,6.729007036,29,0,2,1,0,0,0,0.287867323,F
18,Female,Asian,1,6.263641014,5,1,1,1,0,0,0,2.905242112,C
18,Male,Caucasian,0,3.57682137,27,0,1,0,1,0,0,0.248977131,F
18,Male,Caucasian,1,18.03832216,0,1,0,1,0,0,0,3.418409867,B
18,Male,Caucasian,2,7.943737726,27,1,1,0,0,0,0,0.582920886,F
17,Female,Caucasian,1,4.905586099,24,0,2,0,1,0,0,0.930028646,F
18,Female,Other,1,17.220668,8,1,4,1,0,0,0,3.06771837,B
17,Male,Caucasian,2,11.31726147,29,0,4,0,1,0,0,0.869123386,F
17,Male,Caucasian,2,10.26868994,17,1,3,1,0,0,0,2.175739293,D
16,Male,Asian,2,13.01213047,13,0,1,0,0,0,0,1.852428691,F
16,Male,Other,0,8.808691413,3,0,0,0,0,0,0,2.878926863,C
18,Female,Caucasian,2,19.67194599,9,0,2,0,0,0,0,2.537230639,C
17,Female,African American,2,13.34702326,12,0,1,1,0,0,0,1.989395759,F
16,Male,Caucasian,2,6.532438115,17,0,0,1,1,0,0,1.513516756,F
15,Male,African American,3,0.477683826,3,0,3,0,1,0,0,2.753590232,C
17,Male,Caucasian,2,6.653803594,13,0,2,1,1,0,0,2.255019103,D
18,Male,Caucasian,1,8.765972161,17,0,4,0,0,0,0,1.666702258,F
15,Male,Asian,2,3.294354939,26,1,2,0,0,0,0,0.278215459,F
18,Female,Caucasian,0,13.78286714,9,0,2,1,0,0,0,2.637594228,C
18,Male,African American,2,4.003084225,22,0,2,1,1,0,0,1.361932827,F
18,Male,African American,2,11.83615815,11,1,3,1,1,0,0,2.573034385,C
17,Female,African American,2,1.444586965,24,0,0,0,0,0,0,0.0,F
15,Female,Caucasian,1,1.464912082,25,1,2,1,0,0,0,1.0464634,F
15,Female,Asian,2,15.04818466,9,0,3,0,0,0,0,2.639447292,C
18,Female,Other,0,15.06625864,3,0,1,0,0,0,0,2.669749933,C
15,Female,Asian,1,9.539838308,9,0,2,0,0,0,0,2.520175259,C
15,Female,Caucasian,3,0.767231096,29,0,0,0,0,0,0,0.0,F
17,Male,African American,1,15.55755411,15,1,2,1,0,0,0,2.222002853,D
15,Male,Asian,2,5.548534696,28,0,2,1,0,0,0,0.214319504,F
18,Male,Caucasian,2,12.856041,19,1,1,1,0,0,0,1.556765557,F
15,Male,Caucasian,1,13.85602397,18,0,4,1,1,0,0,2.154199353,D
15,Female,Caucasian,1,17.419352,17,0,3,0,1,0,0,2.070669312,D
16,Male,Other,1,6.846681649,25,1,1,0,1,0,0,0.567237107,F
15,Female,African American,3,15.39544615,11,0,1,1,0,0,0,2.162688108,D
18,Male,Asian,2,10.55624217,0,0,1,0,0,0,0,2.92396974,C
18,Male,African American,3,11.55754163,1,0,2,0,0,0,0,3.074214192,B
17,Female,Asian,2,14.9863071,23,0,1,0,0,0,0,1.009430322,F
15,Male,African American,2,19.29380958,14,0,3,1,1,0,0,2.118500602,D
17,Female,African American,0,18.75100675,0,1,4,1,0,0,0,3.947092964,A
15,Male,Caucasian,2,10.59751251,4,1,2,0,1,0,0,3.017353227,B
18,Female,Caucasian,1,12.29806029,9,1,1,1,0,0,0,2.813786291,C
17,Female,Caucasian,1,9.648472032,21,0,1,0,0,0,0,0.769636121,F
18,Female,Caucasian,0,1.873149052,20,1,1,0,0,0,0,0.892266135,F
16,Female,Asian,0,15.36178757,3,1,2,1,1,0,0,3.666290827,A
15,Male,Caucasian,2,14.9444929,13,0,1,0,1,0,0,1.401548239,F
16,Female,Other,2,1.447145155,22,0,3,1,1,0,0,1.161354351,F
17,Male,Caucasian,0,17.62210297,8,1,2,0,0,0,0,2.647195986,C
16,Male,Caucasian,0,11.85969496,15,1,4,1,0,0,0,2.644197368,C
18,Female,Caucasian,2,18.71988358,18,0,3,0,0,0,0,1.737989619,F
16,Male,Caucasian,3,13.56245003,14,0,2,0,0,0,0,2.018776899,D
18,Female,Asian,2,8.288596249,25,0,2,0,1,0,0,0.717780498,F
17,Female,Other,2,13.79068418,13,0,3,1,0,0,0,2.267584401,D
16,Male,Caucasian,2,6.879592726,19,1,1,0,0,0,0,1.271494623,F
17,Male,African American,1,5.545168327,9,1,2,0,1,0,0,2.621666893,C
16,Male,Asian,3,19.93366556,20,0,2,0,0,0,0,1.228528505,F
17,Female,Caucasian,1,12.89439955,27,0,3,0,1,0,0,0.701761808,F
15,Male,Asian,2,11.08362511,8,1,0,0,1,0,0,2.327832763,D
17,Female,Asian,1,0.668530662,17,0,3,1,0,0,0,1.341598477,F
16,Female,Other,2,7.335041529,27,0,4,1,1,0,0,0.659202916,F
15,Female,African American,2,1.447527864,21,0,1,0,0,0,0,0.270088555,F
17,Male,Caucasian,0,4.465108021,20,0,2,1,0,0,0,0.817714202,F
16,Male,African American,2,18.44615551,11,0,0,0,1,0,0,2.05694597,D
17,Male,Asian,0,8.517863101,6,1,3,1,0,0,0,3.219333348,B
16,Male,Caucasian,1,19.71048267,13,1,2,0,0,0,0,2.24087006,D
15,Female,Asian,2,11.08116767,14,1,2,0,1,0,0,1.913799797,F
15,Male,Other,1,0.106979774,5,0,1,1,0,0,0,2.254547586,D
17,Male,African American,1,2.79441134,1,1,2,0,1,0,0,3.335098155,B
18,Male,Asian,3,8.491452144,12,0,3,0,1,0,0,2.160978519,D
15,Female,Asian,1,18.67357812,22,0,1,0,1,0,0,1.165394363,F
18,Female,Caucasian,2,10.8477312,5,0,4,0,0,0,0,2.583500636,C
15,Male,African American,3,10.54912927,4,1,1,0,1,0,0,3.017063256,B
18,Female,Caucasian,3,0.015790222,24,0,1,0,0,0,0,0.23334988,F
16,Female,Other,3,16.20280181,0,0,3,1,0,0,0,3.646516389,A
18,Female,Asian,0,1.75149126,8,1,2,1,1,0,0,2.605425232,C
18,Male,Asian,2,12.07510288,8,0,3,1,0,0,0,2.718465436,C
16,Male,Asian,2,3.278634419,4,1,4,1,0,0,0,3.244882203,B
16,Male,Caucasian,2,14.71907121,13,1,4,1,0,0,0,2.865674749,C
17,Male,Caucasian,2,11.98861084,6,0,1,0,0,0,0,2.489218238,D
17,Female,Other,2,14.83275637,12,0,3,0,0,0,0,2.119171492,D
15,Female,Asian,1,6.052806813,7,0,4,0,0,0,0,2.522694548,C
17,Male,Asian,3,3.165661014,27,1,3,1,0,0,0,0.782809234,F
16,Male,African American,2,13.76235318,25,0,0,1,0,0,0,0.766404869,F
15,Male,Other,2,2.563761456,17,1,0,1,0,0,0,1.283622078,F
16,Male,Caucasian,1,8.507129925,24,0,2,1,0,0,0,0.643145933,F
16,Female,Caucasian,2,4.944121475,18,1,2,0,0,0,0,1.669230217,F
16,Female,Caucasian,2,14.96750499,5,0,3,0,0,0,0,3.282070051,B
16,Male,Asian,2,5.24070009,21,0,2,0,1,0,0,0.743714017,F
16,Male,Caucasian,1,3.928826304,12,0,1,0,0,0,0,1.616536099,F
16,Female,Asian,2,12.2769189,22,0,4,0,0,0,0,1.583083971,F
17,Male,Caucasian,1,1.754352834,24,0,2,0,0,0,0,0.184251489,F
16,Male,Asian,1,7.830741992,27,1,2,0,0,0,0,0.472181042,F
17,Male,Other,1,14.26643459,25,0,3,1,1,0,0,1.299355518,F
15,Female,Caucasian,2,12.49401339,0,0,3,0,0,0,0,3.56628313,A
15,Male,Asian,2,5.650817273,23,0,1,0,0,0,0,0.278347571,F
18,Male,Asian,2,7.560498989,1,0,1,0,0,0,0,2.421546883,D
18,Female,Other,1,14.38045641,16,0,3,0,0,0,0,1.804726658,F
18,Female,Caucasian,3,10.07777594,7,0,2,1,0,0,0,2.63520813,C
18,Female,Caucasian,1,6.684306745,4,0,0,0,0,0,0,2.405267526,D
15,Female,African American,2,6.820957457,7,0,1,1,1,0,0,2.446157081,D
18,Female,Caucasian,2,17.94596991,15,0,3,1,0,0,0,2.293087191,D
17,Female,Caucasian,1,17.58408675,6,0,2,0,0,0,0,2.559070355,C
18,Female,African American,3,18.8950016,22,1,2,0,0,0,0,1.226741286,F
15,Female,Caucasian,2,6.838689871,28,0,1,1,0,0,0,0.310669533,F
16,Female,African American,1,18.4843687,11,1,3,1,0,0,0,2.771810659,C
18,Male,African American,0,0.487819862,13,0,1,1,0,0,0,1.582682992,F
16,Female,Other,1,10.97865049,17,0,4,0,0,0,0,2.300296135,D
17,Male,Caucasian,3,4.386408024,26,1,4,1,1,0,0,0.991883698,F
17,Female,Caucasian,1,0.014337174,19,0,3,1,0,0,0,1.383528078,F
18,Male,Caucasian,1,18.7370686,15,0,1,1,1,0,0,2.131405263,D
16,Female,Caucasian,2,5.269468914,28,0,4,0,0,0,0,0.299907548,F
15,Female,Caucasian,2,19.72699846,27,0,2,1,1,0,0,1.391731791,F
16,Male,Asian,1,6.304334748,8,0,3,0,0,0,0,2.150546166,D
17,Female,Caucasian,2,2.306021807,12,0,1,0,0,0,0,1.448741242,F
15,Female,African American,0,14.38919935,3,1,1,0,0,0,0,3.091715028,B
18,Female,Caucasian,1,17.09137328,8,0,2,0,0,0,0,2.576927695,C
15,Male,Caucasian,1,5.13904599,14,0,2,0,0,0,0,1.955872527,F
15,Male,Caucasian,1,0.418190247,13,0,3,0,1,0,0,1.878708344,F
16,Male,Other,2,4.461800369,18,1,3,1,1,0,0,1.630400132,F
15,Male,African American,1,2.067898733,20,1,3,1,0,0,0,1.279370611,F
18,Female,Caucasian,2,10.31891757,5,0,2,0,1,0,0,2.655993566,C
16,Male,Caucasian,2,18.81074602,25,0,4,0,1,0,0,1.644819939,F
15,Male,Caucasian,1,11.3361221,21,1,2,1,0,0,0,1.609486799,F
15,Male,African American,0,14.55158644,19,0,2,0,0,0,0,1.247725194,F
15,Female,Other,0,17.13459893,22,0,1,0,0,0,0,0.965700989,F
17,Male,Caucasian,2,18.88189572,16,1,4,1,1,0,0,2.423800752,D
18,Male,Caucasian,2,6.718923068,15,0,1,1,0,0,0,1.741968167,F
15,Male,Asian,3,1.901130737,7,0,2,0,0,0,0,2.039564398,D
16,Female,Caucasian,0,4.009380955,18,1,1,1,0,0,0,1.54206374,F
17,Male,Caucasian,2,4.124054318,24,0,3,1,0,0,0,0.499987778,F
17,Female,Caucasian,1,17.53120982,25,1,3,0,0,0,0,1.122889381,F
18,Female,Caucasian,1,3.165725121,1,1,3,0,1,0,0,2.959492728,C
18,Female,Caucasian,0,12.11398481,21,0,2,0,1,0,0,1.352720764,F
17,Female,Caucasian,1,13.83727816,11,1,0,1,0,0,0,2.134062038,D
16,Male,Other,2,17.38198137,27,0,2,1,0,0,0,0.747833944,F
15,Female,Caucasian,1,8.790155609,14,0,3,0,0,0,0,2.07376979,D
16,Male,Caucasian,1,1.344812681,17,1,3,1,1,0,0,1.991379364,F
15,Female,Caucasian,1,16.41471682,12,0,3,1,1,0,0,2.614883942,C
15,Female,African American,2,16.64324907,16,0,2,1,0,0,0,1.581931481,F
16,Female,African American,1,9.880233412,7,0,1,0,1,0,0,2.271332803,D
16,Female,African American,1,2.369234102,0,1,2,1,0,0,0,3.363670491,B
16,Female,Caucasian,1,0.272796917,28,0,1,1,1,0,0,0.48129848,F
18,Female,Caucasian,3,15.80519808,26,0,3,1,0,0,0,0.882552454,F
18,Female,African American,1,5.915056692,2,1,3,0,0,0,0,3.120136639,B
18,Female,Asian,3,3.933771165,8,1,3,0,1,0,0,2.528774574,C
15,Female,Other,3,1.106647743,15,1,2,0,1,0,0,1.592387858,F
16,Male,Caucasian,2,0.184017953,11,1,0,1,0,0,0,1.81040948,F
15,Male,Other,1,12.54516801,0,0,1,0,0,0,0,2.829826431,C
16,Male,Asian,2,19.46289423,6,1,3,1,1,0,0,3.62592173,A
16,Male,African American,2,6.916571406,22,0,2,1,0,0,0,1.331958949,F
18,Male,African American,2,0.169029921,22,0,1,1,0,0,0,0.881358447,F
16,Female,Caucasian,2,16.78415906,14,1,1,0,0,0,0,2.398121086,D
18,Female,Caucasian,1,0.639889203,25,0,2,0,1,0,0,0.758814269,F
17,Female,African American,3,18.80359669,29,0,3,1,0,0,0,1.028865596,F
16,Female,Caucasian,1,17.84148702,24,0,3,0,1,0,0,1.444476695,F
16,Female,Caucasian,2,10.71043832,12,1,2,0,0,0,0,2.214067459,D
16,Male,Caucasian,2,13.07555846,6,0,3,0,0,0,0,2.690149803,C
18,Female,African American,2,0.895367774,13,0,0,0,1,0,0,1.528563501,F
15,Female,Other,2,1.080952547,16,1,3,0,1,0,0,1.778569202,F
15,Male,Caucasian,3,9.144608392,11,0,1,1,0,0,0,2.121964059,D
18,Female,Caucasian,1,10.99244602,28,0,3,0,0,0,0,0.405904831,F
18,Male,Caucasian,2,17.75635281,23,0,2,1,0,0,0,1.123926328,F
18,Male,Caucasian,2,2.093212678,23,0,3,0,0,0,0,0.870330411,F
18,Male,Asian,1,16.45295854,19,0,2,1,1,0,0,1.822829208,F
17,Male,Other,2,4.200946746,12,0,3,1,0,0,0,2.231182932,D
15,Female,Caucasian,2,6.332048697,19,0,4,0,1,0,0,1.691858946,F
18,Male,Caucasian,3,8.003105457,14,0,3,0,0,0,0,2.069758206,D
18,Female,Asian,2,3.009909961,23,1,1,1,1,0,0,1.057876127,F
18,Female,Caucasian,2,10.07140149,20,0,4,0,0,0,0,1.321427207,F
18,Male,African American,1,9.812271518,1,0,3,1,0,0,0,3.486141329,B
16,Female,Asian,1,14.12116229,17,0,4,0,1,0,0,2.358815897,D
17,Female,Caucasian,1,9.80908817,1,0,2,0,0,0,0,3.152222286,B
18,Female,Caucasian,2,5.153912964,24,0,1,0,0,0,0,0.587835083,F
15,Male,Asian,1,11.54040803,29,0,3,0,0,0,0,0.304372034,F
15,Female,Caucasian,2,4.422952202,25,0,0,0,1,0,0,0.280670308,F
17,Female,Caucasian,1,5.382395053,18,0,1,1,0,0,0,0.873091197,F
17,Female,Caucasian,3,16.06266178,14,0,3,0,0,0,0,2.330783483,D
18,Male,Caucasian,2,19.84184374,19,0,4,0,0,0,0,1.792289321,F
17,Female,Caucasian,1,2.607033594,9,0,3,0,1,0,0,2.573219137,C
15,Male,Caucasian,2,15.92137051,27,0,2,0,1,0,0,1.084490126,F
16,Female,African American,1,17.61301155,10,1,2,1,0,0,0,2.824604893,C
18,Male,Asian,2,4.89599746,4,0,1,0,0,0,0,2.258071035,D
17,Female,Other,2,13.61166186,8,1,3,0,0,0,0,2.840092975,C
16,Male,African American,0,2.425297867,19,0,3,1,1,0,0,1.683117263,F
16,Female,Caucasian,2,2.275239176,18,1,3,1,0,0,0,1.72090715,F
15,Male,African American,0,8.219212161,12,0,0,0,0,0,0,1.537783909,F
17,Female,Asian,2,12.95674077,17,0,3,0,1,0,0,2.063463508,D
16,Female,Asian,1,14.24143984,16,0,2,1,0,0,0,1.87854751,F
17,Male,Caucasian,1,1.591762947,5,0,3,0,0,0,0,2.513286133,C
16,Male,Other,2,5.213327651,1,1,2,0,0,0,0,2.888385936,C
18,Male,African American,1,17.06692995,23,0,3,0,1,0,0,1.337161049,F
15,Male,African American,1,17.26982901,5,0,0,0,0,0,0,2.370611615,D
16,Female,Caucasian,3,3.376672133,27,1,0,0,0,0,0,0.322641827,F
16,Female,Asian,2,16.43602919,20,0,2,1,1,0,0,1.834226997,F
16,Male,African American,2,15.38501118,12,0,1,0,0,0,0,1.990060452,F
16,Male,Asian,1,11.9344598,17,1,3,0,1,0,0,2.226983394,D
15,Male,African American,3,5.250172085,1,0,3,1,0,0,0,3.406339082,B
17,Female,Caucasian,3,2.437784242,28,1,3,1,0,0,0,0.867034374,F
18,Female,Asian,2,10.19514134,13,1,3,0,1,0,0,2.166091325,D
16,Male,Caucasian,0,11.70521751,4,0,1,0,1,0,0,2.422928333,D
15,Male,Caucasian,1,7.18677981,17,0,3,0,1,0,0,1.509557878,F
16,Male,African American,0,9.507181354,10,1,2,0,1,0,0,2.443857264,D
15,Female,Other,1,7.270289147,9,0,0,0,0,0,0,2.003828379,D
17,Male,Caucasian,1,12.82012115,10,1,1,0,1,0,0,2.465306489,D
18,Male,Caucasian,1,3.278405241,1,0,0,0,1,0,0,2.731058898,C
18,Female,Caucasian,3,7.628176198,14,0,2,0,0,0,0,1.736011489,F
15,Male,Caucasian,2,2.817372079,6,1,0,0,1,0,0,2.589670731,C
15,Female,Caucasian,3,12.49887541,8,1,2,1,0,0,0,2.742361123,C
15,Male,African American,2,14.57741019,4,0,1,0,0,0,0,2.49591944,D
18,Male,Caucasian,2,5.577438525,19,0,4,1,0,0,0,1.591347992,F
15,Male,Caucasian,2,1.265253436,2,1,1,0,1,0,0,3.127617865,B
18,Male,African American,1,17.87548376,21,1,0,0,0,0,0,1.217335228,F
17,Male,Caucasian,1,10.59618114,22,0,0,1,0,0,0,0.762684311,F
17,Female,Caucasian,0,16.63147852,3,1,3,0,0,0,0,3.299131002,B
16,Female,African American,3,17.57762292,6,0,4,0,0,0,0,2.902659367,C
18,Male,Caucasian,3,11.96612151,16,1,1,0,0,0,0,1.500339419,F
16,Male,Caucasian,2,5.497913165,21,0,2,0,0,0,0,0.604613406,F
18,Female,Caucasian,1,0.655997486,15,0,4,0,0,0,0,1.388138976,F
15,Male,Caucasian,3,19.65304823,13,0,2,1,1,0,0,2.79726748,C
17,Female,Caucasian,2,12.74095107,14,0,1,0,0,0,0,1.717458615,F
15,Female,Asian,0,3.232753876,13,0,2,0,1,0,0,1.687900492,F
17,Female,Asian,1,18.1169878,6,0,2,1,0,0,0,2.952145863,C
15,Female,Caucasian,3,10.32495646,24,0,2,1,0,0,0,0.963375009,F
17,Female,Other,2,3.074986242,2,0,2,1,0,0,0,3.334971828,B
15,Male,Other,2,18.43453339,29,0,1,0,0,0,0,0.443640655,F
16,Male,Caucasian,0,15.14938101,16,1,2,1,0,0,0,1.955791739,F
15,Female,Caucasian,2,14.63410545,9,0,3,1,1,0,0,2.850351339,C
15,Female,African American,2,14.18361408,14,1,2,0,1,0,0,2.370067422,D
16,Female,Other,3,4.006796422,28,1,2,0,0,0,0,0.152590779,F
18,Male,Asian,2,4.220133834,5,0,0,0,0,0,0,2.123043127,D
16,Male,African American,0,8.773433936,16,1,2,0,1,0,0,1.893440916,F
17,Female,Caucasian,1,15.67905036,23,0,3,1,1,0,0,1.511276997,F
15,Male,African American,1,15.84379877,17,0,0,1,0,0,0,1.764354309,F
18,Female,Asian,2,16.77243592,24,0,2,1,0,0,0,1.2955949,F
18,Male,Asian,2,13.09551503,4,0,2,0,0,0,0,2.473717178,D
15,Female,Caucasian,1,5.480235608,7,0,3,0,0,0,0,2.202958506,D
17,Male,African American,1,6.296823108,6,0,3,1,0,0,0,3.040025436,B
18,Male,Caucasian,1,2.336082155,22,1,1,1,0,0,0,1.069079987,F
15,Female,African American,2,5.463192407,3,1,4,1,0,0,0,3.941760022,A
18,Female,African American,2,9.106574996,4,0,3,0,1,0,0,3.042275369,B
16,Male,Caucasian,3,18.16875096,15,0,3,0,1,0,0,2.10396651,D
17,Female,Caucasian,3,2.089606335,13,0,3,0,0,0,0,1.787522329,F
18,Female,Caucasian,2,13.74566009,26,0,2,0,0,0,0,0.854558289,F
16,Female,Asian,2,18.4514481,13,1,1,0,0,0,0,2.591940919,C
18,Female,Caucasian,1,7.274510423,5,0,2,0,0,0,0,2.754877493,C
15,Female,Caucasian,2,15.13077167,16,0,2,0,1,0,0,1.921268647,F
18,Female,Asian,1,0.794224151,3,1,3,1,0,0,0,2.876055005,C
15,Male,Caucasian,2,16.78816075,15,0,1,0,0,0,0,1.88899193,F
18,Female,Caucasian,1,8.96341694,24,0,3,1,1,0,0,1.369369967,F
17,Male,Caucasian,1,12.73385829,10,1,2,0,0,0,0,2.550546234,C
15,Female,African American,2,15.44480552,16,0,1,0,0,0,0,1.418938675,F
17,Male,Caucasian,0,9.464263738,7,0,1,0,1,0,0,2.353054655,D
17,Female,Caucasian,1,17.88182739,1,0,2,0,0,0,0,3.021954868,B
15,Male,Other,0,16.83617418,10,0,3,0,0,0,0,2.275700147,D
17,Female,Caucasian,1,4.601689837,23,1,3,0,1,0,0,1.034201169,F
16,Female,Caucasian,1,8.121642651,5,0,2,0,0,0,0,2.758341831,C
17,Female,African American,1,16.52434752,20,1,2,1,0,0,0,1.789966874,F
16,Female,African American,0,4.552650716,20,0,2,1,0,0,0,1.223973607,F
17,Female,African American,0,7.069549503,9,0,3,1,0,0,0,2.251753922,D
15,Male,Caucasian,0,12.84419274,25,1,1,0,0,0,0,0.900041692,F
17,Male,Asian,2,4.912631481,26,0,4,0,0,0,0,0.656616923,F
17,Male,African American,3,2.185588907,7,0,3,1,0,0,0,2.186426951,D
17,Male,Caucasian,1,1.979372468,7,1,3,1,0,0,0,2.877853698,C
18,Male,African American,2,5.427627902,27,0,2,0,0,0,0,0.01206349,F
15,Male,Caucasian,1,17.10218844,7,0,1,1,0,0,0,2.583738163,C
16,Female,Caucasian,0,6.929385742,22,0,1,0,1,0,0,1.161554531,F
16,Female,Caucasian,2,19.46090699,1,0,0,1,0,0,0,3.301690513,B
18,Female,African American,2,19.5946867,26,1,3,0,0,0,0,1.505172773,F
15,Female,Caucasian,2,5.365520409,15,0,2,0,0,0,0,1.385696221,F
16,Male,Asian,2,14.10126568,12,1,1,1,0,0,0,2.116723382,D
16,Female,African American,1,2.015056879,11,0,2,0,0,0,0,1.617460207,F
15,Male,Caucasian,1,14.15045638,26,0,3,0,0,0,0,0.865945542,F
18,Female,Caucasian,1,0.623498182,21,0,4,0,1,0,0,1.320245987,F
15,Female,Caucasian,3,2.773050582,28,0,2,1,0,0,0,0.081573184,F
16,Female,African American,1,19.20532717,1,0,1,1,0,0,0,3.577043897,A
16,Female,African American,1,13.86338721,12,0,2,1,0,0,0,2.087872127,D
15,Male,Caucasian,3,16.02743071,0,0,3,1,0,0,0,3.369584362,B
15,Male,Caucasian,2,7.952699715,25,0,0,0,0,0,0,0.0,F
15,Female,Asian,2,6.72625455,27,0,1,0,0,0,0,0.094651592,F
16,Male,African American,2,4.689680136,18,0,3,0,1,0,0,1.405315628,F
17,Female,Asian,2,9.612960566,10,0,1,0,0,0,0,1.87826418,F
18,Female,Asian,3,11.03657467,4,0,2,1,0,0,0,2.87190477,C
18,Male,Asian,0,12.63549687,0,1,2,0,0,0,0,3.70794804,A
15,Female,Caucasian,3,18.97308162,29,1,1,1,0,0,0,0.995449642,F
16,Female,Asian,1,3.395169964,12,1,4,0,1,0,0,2.528711257,C
18,Female,Caucasian,2,19.3130635,7,0,0,1,1,0,0,2.59683449,C
15,Male,Caucasian,1,0.29712245,5,0,3,0,0,0,0,2.460606774,D
17,Female,Asian,0,6.667356762,16,0,2,0,1,0,0,1.803054427,F
15,Male,Caucasian,2,8.982468279,11,1,1,0,0,0,0,2.309975848,D
15,Female,Caucasian,1,11.41329158,0,0,1,0,0,0,0,3.093363943,B
18,Female,Caucasian,2,8.71178316,2,0,1,0,0,0,0,2.615900724,C
18,Female,Asian,1,8.296937006,13,0,2,0,1,0,0,2.276918318,D
16,Female,Other,1,14.65446831,25,0,2,1,0,0,0,1.051531526,F
18,Female,Caucasian,2,13.7175255,7,0,1,0,1,0,0,2.747706159,C
17,Male,Caucasian,3,16.66542564,10,0,4,0,0,0,0,2.621670104,C
17,Female,Asian,1,4.999179625,26,1,1,0,0,0,0,0.243298094,F
15,Male,Caucasian,1,12.1905702,13,1,2,0,0,0,0,2.194706521,D
16,Female,Other,2,7.394756217,28,1,2,0,1,0,0,0.833493418,F
17,Female,Caucasian,3,9.721150838,2,1,3,0,0,0,0,3.402401591,B
16,Female,Caucasian,2,2.836887952,27,0,1,0,0,0,0,0.339715385,F
17,Male,Asian,1,2.110272928,3,0,3,0,0,0,0,2.356856807,D
17,Female,Caucasian,2,13.6613915,24,0,1,0,0,0,0,0.84562484,F
17,Male,African American,2,19.01212743,12,0,1,1,1,0,0,2.478699183,D
15,Female,Caucasian,2,1.040916775,18,1,1,0,1,0,0,1.355381045,F
16,Male,Caucasian,2,17.68490348,4,0,3,1,0,0,0,3.06049075,B
16,Male,Caucasian,1,8.866406415,4,1,2,1,0,0,0,3.219531248,B
16,Male,Caucasian,1,11.71726101,19,0,1,0,1,0,0,1.150153548,F
18,Male,Asian,2,10.64608728,3,1,2,1,1,0,0,3.491326588,B
17,Male,Caucasian,1,3.821037374,12,1,4,0,0,0,0,2.19738729,D
15,Male,Caucasian,3,8.815098869,29,0,2,0,0,0,0,0.021155583,F
15,Female,Caucasian,2,16.32455704,21,1,0,0,1,0,0,1.361031288,F
17,Female,Caucasian,3,19.7652423,1,0,1,1,1,0,0,3.51068089,A
15,Male,Asian,1,7.777029929,18,0,1,0,1,0,0,1.43737075,F
16,Female,African American,2,16.02343007,4,1,2,1,1,0,0,3.262269864,B
15,Female,Caucasian,3,12.08761438,24,0,3,0,1,0,0,1.169658238,F
17,Male,Asian,2,3.970857177,17,0,3,0,0,0,0,1.401550934,F
15,Male,Asian,1,14.84620491,22,1,3,0,0,0,0,1.516508268,F
15,Female,Asian,1,15.40823574,20,1,3,0,0,0,0,2.032219512,D
18,Male,Asian,0,9.99236824,17,1,3,1,1,0,0,2.289299775,D
15,Male,African American,1,6.104290603,7,0,2,1,0,0,0,2.086687741,D
15,Female,African American,2,13.26725222,14,1,3,0,0,0,0,2.595889051,C
16,Male,African American,2,8.164750387,12,0,2,0,0,0,0,1.950769177,F
16,Female,Asian,1,5.609264484,12,0,4,0,0,0,0,2.102541899,D
18,Female,Caucasian,1,14.62205966,15,1,0,0,0,0,0,1.3791672,F
15,Female,Caucasian,2,4.843668912,21,0,2,0,0,0,0,0.67219968,F
17,Female,Asian,3,12.5781029,1,0,4,0,0,0,0,3.402044108,B
15,Female,African American,3,2.358773497,2,0,3,0,0,0,0,2.683854739,C
16,Male,Asian,2,5.66593056,22,1,1,1,1,0,0,1.284865711,F
15,Female,African American,2,0.004858689,18,1,1,0,0,0,0,1.201053303,F
17,Female,African American,2,2.538721153,12,0,2,0,1,0,0,1.978021718,F
15,Female,Caucasian,2,17.34709278,25,1,0,1,1,0,0,1.179903407,F
18,Female,Asian,1,4.672180641,21,0,4,1,0,0,0,1.54005946,F
18,Female,Caucasian,3,19.41809423,3,1,2,0,0,0,0,3.045113482,B
16,Female,Caucasian,3,13.62921225,18,1,3,1,0,0,0,1.785760791,F
15,Male,Other,1,7.924946936,6,0,1,0,1,0,0,2.397182558,D
15,Male,African American,2,19.27635322,3,1,4,0,0,0,0,3.576909015,A
15,Male,Caucasian,2,14.0705668,2,1,2,1,0,0,0,3.42183767,B
16,Male,African American,2,7.478774272,0,0,3,0,0,0,0,3.160902091,B
16,Female,Asian,1,19.01882704,1,0,0,0,0,0,0,2.99354156,C
17,Female,Caucasian,2,0.44405626,9,1,3,1,0,0,0,2.490220426,D
17,Female,African American,2,5.045056677,14,1,1,1,0,0,0,1.735956512,F
18,Male,Caucasian,2,10.6844082,23,1,1,1,0,0,0,1.254572618,F
16,Female,Caucasian,1,16.476035,14,1,2,0,0,0,0,1.922688235,F
18,Male,Caucasian,2,2.062935218,13,0,4,1,0,0,0,2.19199842,D
18,Female,Caucasian,3,15.90145762,13,0,2,1,0,0,0,1.92410232,F
16,Male,African American,1,3.625005111,5,0,1,1,0,0,0,2.80797413,C
18,Female,Caucasian,3,14.24015922,13,1,1,0,0,0,0,2.138772677,D
18,Female,Asian,1,8.045893562,17,0,3,0,1,0,0,1.722726052,F
15,Male,Asian,0,15.66580185,19,1,0,0,1,0,0,1.192108472,F
18,Female,Asian,1,19.25569616,18,0,4,0,0,0,0,1.53478239,F
16,Female,Caucasian,3,2.533117457,29,0,0,0,1,0,0,0.115243211,F
18,Female,Caucasian,2,8.412604738,16,0,3,0,1,0,0,1.562359564,F
18,Female,African American,2,9.618832162,15,0,3,1,0,0,0,2.096032625,D
16,Male,Caucasian,1,7.526236339,7,1,2,0,1,0,0,3.009238323,B
18,Female,Caucasian,2,7.263782474,6,0,1,0,0,0,0,2.071108065,D
18,Male,Caucasian,1,13.71077241,27,0,3,1,1,0,0,1.079867369,F
18,Female,Asian,1,3.895876053,8,0,2,0,1,0,0,2.117233031,D
18,Male,Caucasian,3,16.32067005,26,1,2,0,0,0,0,0.743592358,F
15,Male,African American,1,16.05121496,13,0,3,0,1,0,0,1.892745845,F
15,Male,Caucasian,2,9.727832562,19,1,4,0,0,0,0,1.586464189,F
17,Male,Asian,1,5.763042716,16,1,2,1,1,0,0,1.8366428,F
15,Male,Other,3,1.895369421,16,1,2,0,0,0,0,1.263890772,F
15,Female,African American,2,19.91604736,1,0,2,0,0,0,0,3.130222795,B
18,Female,Caucasian,3,2.985360253,12,0,2,1,0,0,0,1.671076182,F
15,Female,Caucasian,2,18.72251143,24,0,3,0,1,0,0,1.131402736,F
16,Male,Asian,1,10.40320446,29,0,3,0,0,0,0,0.333154228,F
16,Female,Other,1,7.899805411,21,1,4,1,0,0,0,1.921942134,F
16,Female,Caucasian,1,6.700171399,14,0,3,0,0,0,0,1.940006922,F
17,Male,Caucasian,1,4.145650451,19,0,1,1,0,0,0,1.065848673,F
18,Female,Caucasian,1,7.555936478,22,1,0,0,0,0,0,0.968986131,F
15,Male,Caucasian,3,6.33368712,8,1,2,1,0,0,0,2.68614499,C
17,Female,Caucasian,1,13.54607919,2,1,3,1,1,0,0,3.520612392,A
15,Female,Caucasian,0,5.791654093,2,0,1,1,0,0,0,2.815973296,C
16,Male,Asian,1,11.54399493,1,0,2,1,1,0,0,3.487510668,B
18,Female,Caucasian,2,3.825783134,13,0,3,0,0,0,0,1.578441665,F
16,Female,Caucasian,1,18.73898508,12,1,2,0,1,0,0,2.366010872,D
15,Male,Asian,3,13.28148242,29,0,1,0,0,0,0,0.393186471,F
18,Male,Caucasian,0,1.170732002,26,0,1,1,1,0,0,0.700539867,F
16,Female,African American,2,3.153220536,13,1,0,0,1,0,0,2.058575293,D
15,Female,African American,3,3.48020896,1,1,1,0,0,0,0,3.129640051,B
16,Male,African American,2,15.21518617,6,1,4,1,1,0,0,3.539198712,A
15,Male,African American,2,7.589227612,5,0,1,1,1,0,0,2.622601052,C
17,Female,Other,2,10.131,26,0,1,0,0,0,0,0.262861167,F
16,Male,Caucasian,1,6.267353889,7,0,2,0,0,0,0,2.104449931,D
15,Male,Caucasian,0,14.66803699,26,0,0,1,1,0,0,0.556828033,F
16,Male,Caucasian,1,17.42553976,1,0,2,1,0,0,0,3.350130974,B
17,Male,African American,2,3.851632649,0,0,3,1,0,0,0,3.279646224,B
15,Male,Caucasian,3,6.997909273,21,0,3,0,0,0,0,1.137899801,F
15,Male,African American,2,11.02634781,23,0,2,1,0,0,0,1.391787779,F
16,Male,Caucasian,2,7.19086289,10,1,2,0,0,0,0,2.182795221,D
15,Female,Other,2,2.516046727,14,1,3,1,0,0,0,2.253871179,D
17,Female,Other,3,11.7866329,12,1,1,1,0,0,0,2.254020037,D
17,Female,African American,2,10.50281704,29,0,1,1,0,0,0,0.392549011,F
15,Male,Asian,2,4.059871184,23,0,4,1,1,0,0,1.484857697,F
15,Male,Asian,2,9.037380893,1,0,0,0,0,0,0,2.672093364,C
18,Female,African American,2,15.93895008,13,0,1,1,0,0,0,1.831511281,F
16,Female,Caucasian,0,1.938346541,5,0,3,1,0,0,0,2.938175467,C
15,Female,African American,3,14.05476599,27,0,2,0,1,0,0,0.9175822,F
17,Male,Other,1,12.58235157,17,0,3,0,0,0,0,1.841907749,F
15,Female,Caucasian,2,3.053163291,23,0,3,1,1,0,0,1.185985514,F
17,Male,African American,2,13.54683692,22,0,1,0,0,0,0,0.912660673,F
15,Male,African American,1,0.488537659,3,0,2,0,1,0,0,3.073304473,B
15,Female,Caucasian,3,6.659004939,3,0,0,1,1,0,0,2.553864498,C
16,Female,African American,2,11.81743846,24,1,3,1,1,0,0,1.442868859,F
16,Female,Caucasian,1,18.26411924,29,1,3,0,0,0,0,0.913127809,F
15,Female,African American,2,19.57011934,13,0,1,0,0,0,0,2.096645441,D
16,Male,Asian,2,0.21340254,23,1,2,0,1,0,0,0.875367124,F
15,Male,Caucasian,2,12.45482553,23,1,2,0,1,0,0,1.449000321,F
15,Male,Asian,2,17.19708981,25,0,3,1,0,0,0,1.118752405,F
17,Female,African American,2,5.03629404,12,0,3,0,0,0,0,2.0622007,D
15,Female,African American,2,19.62058978,21,0,3,0,1,0,0,1.562911635,F
16,Male,Other,3,1.711991056,4,0,3,0,0,0,0,2.693598516,C
15,Male,African American,2,3.669157695,11,1,2,0,0,0,0,1.684842207,F
18,Female,Caucasian,1,0.439730441,28,0,3,1,1,0,0,0.405052613,F
18,Female,Caucasian,2,16.33755972,19,0,0,0,0,0,0,0.651340702,F
16,Male,African American,3,0.278980374,13,0,3,0,0,0,0,1.79485975,F
18,Male,Caucasian,2,13.14237678,27,1,4,0,1,0,0,0.963631931,F
17,Male,Other,1,7.301878405,17,0,3,0,0,0,0,1.930782797,F
18,Female,African American,3,12.22989705,26,0,0,1,1,0,0,0.994334751,F
17,Male,African American,2,13.92062814,23,1,2,1,0,0,0,1.354327034,F
16,Male,Caucasian,2,2.159248962,19,0,4,0,1,0,0,1.523945155,F
16,Female,Caucasian,1,1.392917355,3,1,2,1,0,0,0,3.358694269,B
16,Female,Caucasian,2,11.77872045,20,1,3,0,0,0,0,1.765695173,F
16,Male,Caucasian,1,10.41310707,17,0,3,0,0,0,0,1.787402596,F
16,Female,Asian,2,8.448915801,20,1,2,1,0,0,0,1.72075965,F
15,Male,Caucasian,3,0.528938052,15,1,2,0,0,0,0,1.441918756,F
18,Male,Asian,2,19.52040315,23,1,3,1,1,0,0,2.19621735,D
15,Female,Caucasian,2,17.47111152,7,0,2,0,1,0,0,3.103075343,B
16,Female,Asian,2,6.587561341,27,0,3,1,0,0,0,0.473623396,F
16,Male,Caucasian,2,11.7559081,20,0,3,0,0,0,0,1.043865867,F
17,Male,Asian,1,16.94593491,15,1,3,1,0,0,0,2.385530671,D
15,Male,Other,2,8.825486735,27,0,2,0,1,0,0,0.270110314,F
17,Female,African American,1,10.20785443,2,0,3,1,1,0,0,3.680961344,A
17,Male,Asian,2,1.418323829,24,0,3,0,0,0,0,0.427763354,F
15,Male,Caucasian,2,3.787217516,2,0,3,0,0,0,0,2.846487469,C
16,Male,Caucasian,1,16.8287952,28,1,2,0,0,0,0,0.797517669,F
16,Male,Other,0,12.35389172,6,1,3,1,1,0,0,3.520931453,A
17,Female,Asian,2,12.88846339,17,0,2,0,1,0,0,1.591365738,F
17,Female,Asian,2,0.566749008,11,0,3,1,0,0,0,1.864073652,F
17,Male,Other,2,16.57060519,18,1,3,0,1,0,0,2.411840622,D
16,Male,Caucasian,1,15.76550416,15,0,3,0,0,0,0,2.137692088,D
18,Male,Caucasian,1,5.180702882,21,0,3,0,0,0,0,1.07333339,F
18,Female,Caucasian,2,14.1735344,26,0,0,1,0,0,0,0.312479581,F
16,Male,Caucasian,3,4.297092128,23,0,0,0,0,0,0,0.502226121,F
16,Male,Caucasian,2,4.022730852,19,1,1,1,0,0,0,0.876544106,F
16,Female,Caucasian,2,3.572577535,14,1,2,1,1,0,0,2.051919032,D
16,Female,Caucasian,0,6.754959935,0,0,2,1,0,0,0,3.294332437,B
17,Male,Caucasian,2,10.17077783,7,0,0,0,0,0,0,2.207001981,D
17,Female,Other,1,9.53507751,21,0,3,1,1,0,0,1.629355896,F
17,Female,Asian,2,5.413492119,24,0,3,0,0,0,0,0.493741135,F
15,Female,Asian,2,5.973443148,8,1,1,0,1,0,0,2.482172408,D
18,Male,Caucasian,2,2.618625043,18,1,4,0,1,0,0,1.922591349,F
16,Male,Caucasian,3,13.92442872,20,0,0,0,0,0,0,1.007517308,F
17,Female,African American,0,4.121475599,14,0,1,1,0,0,0,1.55387334,F
16,Male,Caucasian,1,8.824593382,17,0,3,0,0,0,0,1.247692796,F
17,Female,Caucasian,1,1.300015779,6,0,2,1,0,0,0,2.460743527,D
15,Male,Caucasian,1,2.518812821,10,0,3,0,0,0,0,2.083697986,D
16,Male,Caucasian,1,9.291655289,7,0,1,1,0,0,0,2.627337296,C
15,Female,Caucasian,1,12.38890148,18,0,2,1,0,0,0,1.422917512,F
16,Male,Caucasian,2,16.06151285,15,0,1,1,1,0,0,2.058204484,D
18,Male,Asian,0,15.71616968,9,1,2,0,1,0,0,3.184442107,B
15,Female,African American,1,9.727442017,6,1,1,0,0,0,0,2.239463986,D
16,Female,Caucasian,1,9.252385439,21,1,3,0,0,0,0,1.751163358,F
16,Female,African American,0,15.70143723,7,0,3,1,1,0,0,2.952721567,C
15,Male,Caucasian,2,16.43155384,6,0,3,0,1,0,0,3.072136606,B
16,Male,Caucasian,3,11.08978229,3,0,2,0,0,0,0,2.809311539,C
15,Female,Caucasian,1,3.59595627,2,1,0,0,0,0,0,2.644059861,C
17,Female,Caucasian,2,19.36145006,14,1,1,0,0,0,0,2.440060526,D
17,Female,Asian,2,15.05972386,3,0,1,0,0,0,0,2.626819238,C
18,Female,Caucasian,0,16.22325208,24,0,3,1,1,0,0,1.468428885,F
17,Male,Caucasian,1,9.357189253,12,1,1,1,0,0,0,2.303453349,D
17,Female,Asian,1,12.93242267,17,0,3,0,0,0,0,1.596128103,F
15,Male,African American,2,16.60065367,20,1,2,0,1,0,0,1.685389146,F
17,Male,African American,3,0.985473072,15,0,3,0,1,0,0,1.89700035,F
17,Female,Asian,2,17.04877771,0,1,2,0,0,0,0,3.496776545,B
18,Male,Asian,3,1.033713598,20,0,3,0,1,0,0,0.906353743,F
18,Female,Caucasian,3,16.25386087,19,1,3,1,0,0,0,2.131447069,D
17,Male,Caucasian,3,10.34241776,26,1,0,0,0,0,0,0.596417017,F
18,Male,Asian,3,15.27220959,18,0,2,0,0,0,0,1.414555678,F
15,Male,Caucasian,0,12.36692614,17,0,3,0,1,0,0,2.315769875,D
18,Male,Caucasian,1,2.261994788,18,0,2,1,1,0,0,1.81861256,F
15,Female,Asian,2,8.740674509,2,0,1,0,0,0,0,2.791339403,C
16,Male,Caucasian,2,7.937787862,7,1,2,1,0,0,0,2.954534084,C
15,Male,Caucasian,0,7.76266162,9,0,0,0,1,0,0,2.29536228,D
15,Male,African American,1,3.415205669,15,0,2,1,0,0,0,1.677100802,F
16,Male,African American,0,4.536742047,4,0,2,0,0,0,0,2.752163931,C
18,Male,Caucasian,2,11.51002037,19,1,1,0,0,0,0,1.201444582,F
15,Female,Caucasian,2,10.29855018,7,0,2,1,0,0,0,2.676827394,C
16,Male,African American,3,3.413548706,10,0,2,1,0,0,0,2.297639913,D
15,Female,Caucasian,0,13.25812505,15,0,2,0,0,0,0,1.451441021,F
16,Male,African American,2,17.05077482,6,0,3,0,1,0,0,2.981786874,C
15,Female,African American,2,9.830284517,23,0,1,1,0,0,0,0.928539344,F
16,Female,Caucasian,2,11.9009269,19,1,2,0,1,0,0,1.863899822,F
16,Male,Caucasian,2,1.803914004,22,0,3,1,1,0,0,1.228428847,F
16,Male,Other,2,19.18470871,14,0,3,0,0,0,0,2.256488312,D
16,Female,Other,1,14.31325304,7,0,2,0,1,0,0,2.689155112,C
15,Male,African American,3,15.76319576,6,1,1,0,0,0,0,3.131235885,B
17,Male,Caucasian,2,14.08208722,1,1,4,0,1,0,0,3.770283973,A
15,Male,Caucasian,1,11.79458072,29,0,3,0,1,0,0,0.799591198,F
15,Female,Caucasian,2,17.1674676,29,0,1,0,1,0,0,0.702760319,F
15,Male,African American,2,9.980723458,28,0,2,0,1,0,0,0.299951906,F
16,Female,Asian,1,18.63070098,5,0,3,0,1,0,0,3.299578873,B
17,Male,Asian,3,11.6666582,28,0,1,0,0,0,0,0.212367095,F
17,Female,Caucasian,2,4.185755231,0,0,2,1,1,0,0,3.343050864,B
17,Female,Caucasian,2,0.074393216,28,0,3,0,0,0,0,0.026468661,F
18,Female,Asian,2,4.830124537,17,0,3,1,0,0,0,1.63640311,F
15,Female,Caucasian,1,10.19446343,14,0,0,0,0,0,0,1.709701378,F
16,Female,Caucasian,2,8.96970456,9,0,2,1,1,0,0,2.999409147,C
18,Male,Asian,0,19.61296439,2,1,0,1,0,0,0,3.51541583,A
15,Female,Asian,2,7.005447413,4,0,3,0,0,0,0,2.918139128,C
18,Female,African American,3,9.043658787,23,0,4,1,1,0,0,1.362233599,F
15,Female,Asian,3,2.670311027,28,0,3,0,0,0,0,0.20506796,F
15,Male,Caucasian,0,15.50819029,7,1,3,0,1,0,0,3.159302938,B
17,Female,Caucasian,1,2.997255978,28,0,3,1,1,0,0,0.521955726,F
17,Male,Other,2,11.43657542,1,0,3,1,0,0,0,3.463687549,B
18,Male,Caucasian,1,5.072849487,8,0,0,0,1,0,0,1.987964727,F
16,Male,Caucasian,1,0.230520281,26,0,2,0,0,0,0,0.112635059,F
18,Male,Other,1,6.18536223,12,0,0,0,0,0,0,1.197933331,F
17,Male,Caucasian,2,2.337575212,0,1,3,0,0,0,0,3.215272685,B
16,Female,Caucasian,1,19.71716881,11,0,1,0,0,0,0,2.190269259,D
15,Female,Caucasian,1,3.981646257,20,0,2,1,0,0,0,1.519955292,F
16,Male,Caucasian,3,11.75406457,4,1,2,0,0,0,0,3.16898861,B
16,Male,African American,2,1.280870477,7,0,0,1,0,0,0,1.808164559,F
17,Male,Other,1,17.2486826,26,1,3,1,0,0,0,1.11587873,F
18,Female,Asian,2,19.22999358,14,0,4,0,0,0,0,2.00330798,D
17,Male,Caucasian,1,4.934948413,26,1,4,0,0,0,0,0.889714915,F
17,Female,Asian,2,9.001905372,2,1,3,1,1,0,0,3.984673603,A
17,Male,Caucasian,2,0.442689021,5,0,1,1,0,0,0,2.325434065,D
17,Female,African American,3,4.136742212,18,0,1,1,0,0,0,1.18306385,F
16,Female,African American,1,13.78218163,0,0,3,1,0,0,0,3.841286249,A
16,Female,Caucasian,3,11.30144566,24,0,4,1,1,0,0,1.212880751,F
17,Male,African American,2,2.349517978,6,1,3,1,0,0,0,2.502009134,C
17,Female,Caucasian,2,15.71333204,11,0,3,1,0,0,0,2.456223794,D
17,Male,Asian,3,13.47033574,9,1,2,1,0,0,0,2.646556961,C
18,Female,Caucasian,3,2.300218737,28,1,0,0,0,0,0,0.381768495,F
15,Female,Caucasian,2,13.8964146,11,1,0,1,1,0,0,2.396139095,D
15,Female,Caucasian,2,18.89969571,3,1,3,1,1,0,0,4.0,A
18,Female,Caucasian,2,2.832227012,18,1,4,1,0,0,0,1.419522635,F
16,Male,Asian,1,12.85666782,5,0,4,1,1,0,0,3.432684708,B
15,Male,African American,2,19.13629341,8,1,4,0,0,0,0,2.928948238,C
15,Male,Caucasian,1,6.599497906,19,0,2,0,0,0,0,0.947133463,F
17,Female,Caucasian,1,19.24371819,9,1,3,0,1,0,0,2.999544104,C
16,Female,Caucasian,1,18.02971702,4,1,1,1,0,0,0,3.055386295,B
16,Male,Asian,3,5.407664706,26,0,0,0,0,0,0,0.0,F
15,Female,Caucasian,0,10.40361473,20,0,4,0,0,0,0,1.552112938,F
18,Female,African American,1,5.898622716,0,0,4,0,0,0,0,3.548459826,A
15,Female,African American,2,0.305296793,23,0,0,1,0,0,0,0.192625112,F
18,Male,Other,2,4.402584884,20,0,3,0,0,0,0,1.34899742,F
16,Female,Caucasian,1,5.638737687,11,1,2,0,1,0,0,2.143105069,D
15,Female,Asian,1,17.46508713,27,0,2,1,0,0,0,0.454114438,F
16,Female,African American,1,14.09822265,8,1,2,1,0,0,0,2.809833207,C
17,Male,Asian,1,1.704009551,1,1,2,0,0,0,0,2.997505608,C
16,Male,Caucasian,1,19.12442347,29,1,3,1,1,0,0,1.623004075,F
17,Male,African American,0,4.958648996,13,0,1,1,0,0,0,1.946100698,F
18,Female,Other,2,18.55582959,10,0,3,0,1,0,0,2.815003048,C
18,Male,Caucasian,2,18.64267831,22,0,3,1,0,0,0,1.248182567,F
15,Male,African American,1,14.41172839,10,1,3,1,0,0,0,2.759014343,C
18,Female,African American,2,15.31526642,16,0,2,0,1,0,0,1.921294208,F
17,Female,Caucasian,1,1.829659159,3,0,1,0,0,0,0,2.732290676,C
16,Female,Asian,2,10.2775167,12,0,3,0,0,0,0,2.228608619,D
16,Male,Asian,1,16.20606598,0,1,3,1,0,0,0,3.335506793,B
18,Female,Caucasian,3,2.700762734,12,0,1,0,0,0,0,1.721597963,F
18,Male,Other,2,18.77156479,10,1,3,0,0,0,0,2.561964557,C
16,Female,Caucasian,1,3.716641111,5,0,2,0,0,0,0,2.358571866,D
17,Male,Asian,3,19.55986847,19,1,2,0,0,0,0,1.497673654,F
18,Male,Asian,1,19.88575972,2,0,3,1,0,0,0,3.517237129,A
17,Female,African American,1,11.11234309,11,0,3,0,0,0,0,2.40408982,D
16,Female,Caucasian,0,6.322097759,8,1,2,0,0,0,0,2.435244282,D
15,Female,Caucasian,1,8.489856654,25,1,4,1,0,0,0,1.283227506,F
15,Female,Caucasian,3,6.186484487,25,0,4,0,1,0,0,1.099434304,F
16,Male,Caucasian,3,3.067296548,29,0,2,1,0,0,0,0.475730833,F
15,Male,Asian,2,14.66655817,27,1,2,1,0,0,0,1.207268546,F
16,Female,Other,1,0.008205789,26,0,2,1,0,0,0,0.264924163,F
16,Female,Caucasian,2,11.92365339,9,0,1,1,0,0,0,2.70665962,C
17,Male,Caucasian,2,18.31886008,18,0,2,1,0,0,0,1.530427889,F
18,Female,Caucasian,1,3.710519505,25,0,3,1,0,0,0,1.003614146,F
17,Male,Caucasian,0,14.25202815,8,0,3,0,0,0,0,2.791386108,C
16,Male,African American,1,13.76061038,26,0,2,1,0,0,0,0.673525946,F
16,Female,Caucasian,0,6.3863376,27,0,1,0,0,0,0,0.337554141,F
15,Female,Caucasian,1,16.92387732,9,0,2,0,1,0,0,2.626082829,C
17,Male,African American,1,9.046469553,20,1,3,0,0,0,0,1.671968653,F
17,Male,Asian,1,8.487780361,0,0,3,0,0,0,0,3.093760925,B
17,Female,African American,2,8.52812113,27,0,2,1,1,0,0,0.339206699,F
15,Female,Asian,0,0.450086549,25,0,1,1,0,0,0,0.449906208,F
18,Male,Asian,0,8.882260104,25,1,1,0,0,0,0,0.709570839,F
17,Male,Caucasian,2,13.60092113,22,0,1,0,1,0,0,0.972168258,F
18,Female,Caucasian,3,0.360640197,19,1,1,0,0,0,0,0.730366159,F
17,Female,Asian,1,15.74697697,12,0,4,1,1,0,0,3.023482483,B
17,Male,Other,3,6.477911052,24,1,0,0,0,0,0,0.841963225,F
16,Male,Caucasian,2,2.725011302,7,1,2,0,0,0,0,2.584174279,C
16,Male,African American,1,17.75126144,4,1,3,1,0,0,0,3.372126043,B
15,Female,Caucasian,2,9.415247848,5,1,1,0,0,0,0,3.060805402,B
16,Male,Caucasian,2,17.56230394,22,0,3,0,0,0,0,1.168052,F
18,Male,Caucasian,2,11.71704245,19,1,2,0,0,0,0,1.349256122,F
16,Female,Caucasian,3,13.48384233,29,1,4,1,0,0,0,1.117964826,F
16,Male,Asian,2,13.18311089,21,0,3,0,1,0,0,1.625551955,F
17,Male,African American,1,16.06091049,5,1,1,1,0,0,0,2.964009263,C
17,Female,Caucasian,0,7.473005927,10,1,2,0,1,0,0,2.267458132,D
18,Male,Caucasian,2,7.762429135,12,1,1,1,0,0,0,1.753623068,F
16,Male,Caucasian,2,1.913802321,11,1,1,0,1,0,0,2.023234082,D
17,Female,African American,1,18.2916887,21,1,2,0,0,0,0,1.678012532,F
18,Male,Caucasian,1,12.96418355,20,0,0,1,1,0,0,1.362744369,F
15,Female,Caucasian,1,8.263889576,2,0,1,1,0,0,0,2.813805768,C
16,Female,African American,1,8.112387805,22,0,2,1,0,0,0,1.302711984,F
16,Female,Caucasian,1,1.341874653,16,0,1,0,1,0,0,1.378751308,F
18,Female,Asian,2,11.87411566,27,0,4,0,1,0,0,0.731486867,F
17,Male,African American,2,15.44063572,27,0,2,0,1,0,0,0.400569479,F
15,Male,Asian,0,3.410607788,5,0,0,0,0,0,0,2.615653765,C
15,Male,African American,0,13.12292184,14,0,3,0,0,0,0,2.126988971,D
17,Female,Caucasian,0,9.705614342,23,0,2,0,0,0,0,0.815777369,F
15,Male,Caucasian,3,10.8406669,2,0,0,1,0,0,0,2.524423895,C
16,Female,Caucasian,2,18.38076554,29,0,4,0,0,0,0,0.908238604,F
16,Female,Asian,2,17.99819087,5,0,0,1,0,0,0,3.055690207,B
16,Female,Caucasian,1,5.488252633,1,0,2,0,0,0,0,2.833576111,C
15,Male,African American,1,7.863408691,28,1,2,1,0,0,0,0.785213568,F
17,Female,Caucasian,2,5.7373375,8,0,1,1,1,0,0,2.701230508,C
17,Male,Other,1,5.371592087,17,0,2,1,0,0,0,1.521915901,F
18,Female,Caucasian,1,17.22125873,18,0,2,0,1,0,0,1.879725987,F
17,Male,African American,0,13.55222364,12,0,3,1,0,0,0,2.520673675,C
17,Male,Asian,3,3.456401029,25,0,0,0,0,0,0,0.136165908,F
15,Male,Caucasian,2,6.890117868,11,0,3,1,0,0,0,1.974655245,F
18,Female,Caucasian,1,15.36842142,8,0,3,0,1,0,0,2.510328721,C
15,Male,African American,2,4.430543038,20,0,2,1,1,0,0,1.355053462,F
18,Female,Asian,2,17.47150612,20,1,3,0,0,0,0,2.020741652,D
18,Female,Other,3,13.41494401,10,0,3,0,1,0,0,2.644194209,C
16,Female,Caucasian,1,16.94710108,23,0,0,1,1,0,0,1.347863829,F
18,Female,Caucasian,0,0.190779081,1,1,1,1,1,0,0,3.055253982,B
15,Male,Caucasian,2,8.057800621,7,0,2,0,1,0,0,2.513692715,C
17,Female,Caucasian,2,18.14486335,11,0,3,0,0,0,0,2.340371914,D
15,Female,African American,3,14.80626062,20,0,4,0,0,0,0,1.582093266,F
15,Female,Caucasian,0,10.59289054,22,0,2,1,1,0,0,1.60147255,F
15,Male,African American,3,6.955401952,12,0,3,1,1,0,0,2.637266429,C
17,Female,African American,1,13.10766399,20,1,1,0,0,0,0,1.576756471,F
16,Female,Asian,0,14.28306293,13,1,1,0,0,0,0,1.880065093,F
17,Male,Asian,2,17.22464455,13,0,2,1,1,0,0,2.555223105,C
17,Male,Caucasian,1,3.093696964,15,0,3,0,0,0,0,1.574306088,F
17,Female,Caucasian,1,8.160401826,5,1,0,0,0,0,0,2.584468263,C
15,Male,Caucasian,3,4.997349305,27,0,2,1,0,0,0,0.714651286,F
18,Female,Caucasian,1,17.54978483,25,1,2,1,0,0,0,1.270529562,F
18,Female,Caucasian,1,8.362631996,25,0,2,0,0,0,0,0.750888043,F
16,Male,Caucasian,1,18.220314,0,0,4,0,0,0,0,3.752639353,A
15,Female,Caucasian,2,2.121840999,14,1,2,0,1,0,0,1.871465901,F
18,Female,Caucasian,1,4.66106376,19,1,2,0,0,0,0,1.074937389,F
17,Female,Asian,1,19.00759503,20,0,1,1,0,0,0,1.312772414,F
15,Female,Asian,1,19.16655373,17,0,1,0,1,0,0,1.702881675,F
16,Female,Caucasian,2,1.954145508,29,1,4,0,0,0,0,0.540375157,F
18,Male,Caucasian,1,0.299970008,27,1,3,0,0,0,0,0.341822388,F
17,Male,Other,2,19.92025567,12,1,3,0,0,0,0,2.504167767,C
15,Female,Caucasian,1,3.599992332,23,0,1,1,0,0,0,0.530358189,F
18,Female,African American,3,16.96835453,1,1,0,0,1,0,0,3.408489771,B
16,Female,African American,2,0.408032214,18,0,3,1,0,0,0,1.350329806,F
17,Female,African American,2,13.73511441,17,0,2,0,0,0,0,1.491382129,F
15,Female,Other,3,13.48439265,13,0,0,1,1,0,0,2.157391833,D
16,Male,Asian,3,0.695983997,11,0,2,1,1,0,0,1.999571861,F
16,Female,Caucasian,2,5.783863039,22,1,4,1,0,0,0,1.306868039,F
17,Male,Caucasian,2,16.17955499,29,0,2,0,0,0,0,0.588555623,F
15,Male,Other,2,9.140479044,5,1,3,0,0,0,0,2.818581824,C
17,Female,Caucasian,2,16.54316297,8,1,1,1,0,0,0,2.92682044,C
16,Male,African American,0,8.500048282,29,0,2,1,1,0,0,0.552257573,F
16,Female,Caucasian,2,5.508933596,24,0,3,1,1,0,0,1.298729107,F
15,Female,African American,0,8.982964055,16,0,1,0,0,0,0,1.489067021,F
16,Female,Caucasian,2,1.822746782,15,1,1,0,0,0,0,1.610940683,F
15,Female,Caucasian,2,14.37207481,23,0,4,1,1,0,0,2.057378501,D
16,Female,Caucasian,2,4.27473376,13,0,1,0,0,0,0,1.673711404,F
18,Female,Caucasian,3,11.67716535,1,1,2,0,0,0,0,3.45446246,B
16,Female,Caucasian,1,7.429266787,15,1,3,1,0,0,0,2.15861017,D
15,Female,Asian,2,4.07071045,22,0,2,0,0,0,0,0.909763533,F
15,Male,Caucasian,0,17.60843806,26,0,4,0,0,0,0,1.220417976,F
17,Male,Asian,2,8.241872193,7,1,3,0,0,0,0,2.844732262,C
17,Female,African American,1,0.712243005,24,1,2,1,0,0,0,0.972247738,F
15,Female,African American,0,11.08339443,24,0,4,0,0,0,0,0.952675033,F
15,Female,Asian,2,11.17681742,2,0,2,0,1,0,0,3.235302581,B
15,Male,Other,2,14.14062339,4,0,0,0,0,0,0,2.533432396,C
17,Female,Caucasian,2,3.5496367,5,0,4,0,0,0,0,2.772388537,C
17,Female,Asian,1,5.044462685,21,0,3,0,0,0,0,0.946767905,F
16,Female,Other,1,16.2146093,25,1,2,0,1,0,0,1.315464371,F
18,Male,African American,3,9.95299109,5,0,2,1,0,0,0,2.905973098,C
17,Female,Asian,2,1.201463367,6,0,1,0,0,0,0,2.168178925,D
17,Female,African American,1,2.873752504,29,0,1,0,0,0,0,0.0,F
16,Male,Caucasian,2,14.19866147,23,1,1,0,0,0,0,0.893986013,F
17,Female,Asian,2,2.87668942,6,0,2,0,0,0,0,2.465117414,D
17,Male,Asian,2,16.16314098,7,1,4,0,0,0,0,3.161961511,B
18,Male,African American,1,3.523888123,0,0,2,1,0,0,0,2.905702974,C
18,Male,Caucasian,1,11.70971877,5,1,3,0,0,0,0,2.546634578,C
17,Male,Caucasian,3,1.738791214,24,0,1,1,0,0,0,0.48378939,F
15,Male,Asian,1,4.459000171,27,0,1,0,0,0,0,0.0,F
15,Female,Caucasian,0,3.76117133,13,0,2,0,0,0,0,1.811155481,F
17,Male,African American,2,5.276121499,15,1,4,1,0,0,0,2.432896398,D
16,Male,Caucasian,1,19.25740988,0,0,4,0,0,0,0,3.524855823,A
15,Male,Other,1,9.423451188,8,0,3,1,1,0,0,2.570682492,C
17,Female,Caucasian,3,16.56756291,2,1,2,1,0,0,0,3.354368116,B
15,Male,Asian,2,4.745087273,14,0,2,0,0,0,0,2.059778342,D
16,Male,Other,2,5.252672247,2,0,1,0,0,0,0,2.705024407,C
18,Male,Caucasian,1,10.08842079,13,0,1,0,0,0,0,1.820843734,F
16,Male,Caucasian,3,10.06438414,28,0,3,1,0,0,0,0.741527556,F
15,Female,Caucasian,2,14.47161401,25,0,1,0,0,0,0,0.447482856,F
17,Male,African American,2,16.11940257,18,1,3,0,0,0,0,1.844059264,F
16,Male,African American,0,5.789957302,11,1,0,1,0,0,0,1.899197563,F
15,Male,African American,2,13.28251479,1,1,2,0,0,0,0,3.378845727,B
16,Female,Other,2,17.78238711,2,0,4,0,0,0,0,3.309453585,B
15,Male,Caucasian,1,16.90451116,9,0,2,1,1,0,0,2.761823751,C
17,Female,Caucasian,1,13.83011092,21,1,3,0,1,0,0,1.487476937,F
15,Female,African American,2,9.914340202,10,0,1,0,0,0,0,2.015949465,D
18,Female,Caucasian,2,6.26501481,20,0,2,1,0,0,0,1.070296764,F
18,Male,Caucasian,0,15.07332276,14,0,4,1,0,0,0,2.605399264,C
17,Male,Caucasian,2,7.77062296,15,0,3,0,1,0,0,2.125090595,D
15,Male,Asian,2,17.31454474,29,0,4,0,1,0,0,1.05066898,F
15,Female,Caucasian,1,8.076220105,20,0,3,1,0,0,0,1.397062952,F
15,Female,Caucasian,2,4.294890048,20,0,3,0,1,0,0,1.165787162,F
17,Male,Caucasian,1,7.119367817,27,1,4,0,1,0,0,0.962072486,F
18,Female,Caucasian,1,5.682082985,11,1,4,1,0,0,0,2.310235179,D
18,Male,African American,2,3.521785759,22,0,4,0,0,0,0,0.935779341,F
17,Male,Caucasian,2,9.083349403,8,0,1,1,1,0,0,3.026983311,B
17,Male,Caucasian,2,7.717188937,20,1,2,1,1,0,0,1.536419479,F
17,Female,Other,2,7.821844883,20,0,3,0,0,0,0,1.61557166,F
18,Male,Caucasian,0,1.599649656,7,0,2,0,1,0,0,2.210371328,D
17,Male,Other,2,11.98727103,1,0,2,0,0,0,0,2.921386757,C
17,Male,Caucasian,2,8.37517981,9,0,3,0,0,0,0,2.519724823,C
15,Male,Caucasian,0,8.636873846,18,0,2,1,0,0,0,1.489207319,F
18,Female,Caucasian,2,1.078651657,8,0,1,0,0,0,0,1.663637124,F
17,Male,African American,0,10.33093021,24,0,2,0,0,0,0,0.773784206,F
16,Female,Caucasian,2,10.09478951,23,0,1,0,1,0,0,0.891624046,F
16,Male,Caucasian,3,2.990986371,7,0,4,0,0,0,0,2.215087049,D
16,Female,Caucasian,2,2.471449812,23,0,4,0,0,0,0,0.974017417,F
16,Female,Asian,2,2.02056493,23,0,1,0,1,0,0,0.341393542,F
18,Male,Caucasian,3,12.19416391,0,0,1,0,0,0,0,2.773483879,C
17,Female,Caucasian,2,3.929653048,5,0,3,0,0,0,0,2.497877304,D
17,Female,African American,2,17.09234926,18,0,0,0,1,0,0,1.37757284,F
18,Male,Caucasian,2,4.609896747,26,0,3,1,0,0,0,0.47659774,F
16,Male,Asian,2,6.551325878,16,0,1,1,1,0,0,1.836242137,F
15,Female,Caucasian,1,4.197856846,1,1,2,0,0,0,0,2.924032115,C
16,Male,Caucasian,2,0.392210649,17,0,0,0,0,0,0,0.822107889,F
16,Female,African American,3,13.42736018,22,0,1,1,1,0,0,1.467549103,F
15,Male,Caucasian,2,10.463163,27,1,0,1,0,0,0,0.654489821,F
18,Male,Asian,3,16.08218492,17,0,4,1,0,0,0,1.812581086,F
18,Female,Caucasian,1,15.83922029,7,0,1,0,1,0,0,3.010135528,B
17,Female,Caucasian,0,2.543623784,14,0,3,0,1,0,0,2.136653209,D
18,Female,Other,3,3.403052823,14,0,2,0,0,0,0,1.499666675,F
18,Male,Caucasian,3,5.264923497,19,0,3,1,0,0,0,1.378777262,F
18,Male,Caucasian,2,11.12472788,12,0,3,0,1,0,0,2.461977068,D
15,Male,Caucasian,1,2.527402839,19,0,2,0,0,0,0,1.135969891,F
18,Female,Asian,2,19.4738427,3,0,2,0,0,0,0,3.315632433,B
15,Female,Caucasian,2,6.779398523,3,1,4,0,0,0,0,3.583447605,A
16,Female,African American,0,6.177217985,27,0,1,0,1,0,0,0.423991948,F
15,Female,Caucasian,2,13.17710808,25,0,2,0,0,0,0,0.835989766,F
16,Female,African American,2,11.3288737,22,0,3,1,0,0,0,1.286083735,F
17,Male,Asian,2,9.435126188,14,0,2,1,0,0,0,2.131780854,D
16,Male,Caucasian,1,14.64475828,26,0,3,0,1,0,0,0.958776298,F
18,Female,Caucasian,2,1.755458282,5,1,2,1,0,0,0,2.539771016,C
15,Female,Caucasian,1,13.36361324,2,0,3,1,0,0,0,3.012897487,B
17,Female,African American,2,2.813066785,2,1,1,0,0,0,0,3.033291954,B
16,Female,Caucasian,1,8.745632965,9,0,3,0,0,0,0,2.450335443,D
15,Male,Caucasian,3,8.070972416,29,1,3,1,1,0,0,1.164702428,F
15,Female,African American,0,2.739332691,20,0,2,0,0,0,0,0.827082916,F
16,Male,Caucasian,3,10.13540081,8,0,1,0,1,0,0,2.398314479,D
16,Male,African American,1,2.530906224,29,0,2,0,0,0,0,0.0,F
18,Female,Caucasian,1,9.532409126,5,1,0,0,0,0,0,2.757797931,C
16,Female,Asian,2,15.27230598,28,1,3,0,0,0,0,0.347836976,F
17,Male,Asian,3,5.165287158,19,1,3,0,0,0,0,1.676727437,F
15,Male,Caucasian,0,9.615723364,26,1,2,1,0,0,0,0.574278,F
17,Female,Caucasian,3,13.73300847,6,0,2,1,1,0,0,2.802073834,C
17,Female,African American,1,8.296952131,3,0,1,1,0,0,0,2.688349836,C
17,Female,Asian,2,15.35721846,4,0,2,0,0,0,0,2.78376521,C
15,Male,Caucasian,2,4.061411858,26,1,2,0,0,0,0,0.771677492,F
15,Male,African American,0,13.09242387,13,1,1,0,0,0,0,1.595627367,F
15,Female,Other,1,7.144839363,1,0,2,0,0,0,0,2.972883441,C
15,Female,Other,1,1.677474771,23,0,2,1,0,0,0,0.974968345,F
17,Female,Asian,2,19.85607956,23,1,1,1,0,0,0,1.391431871,F
17,Female,African American,2,2.543649073,26,0,1,1,0,0,0,0.236497222,F
18,Male,African American,3,1.446967677,6,0,3,1,1,0,0,2.629933234,C
17,Male,Caucasian,2,13.00593948,3,0,2,1,0,0,0,2.759021765,C
16,Female,African American,2,6.580114593,6,0,0,0,0,0,0,2.096065652,D
16,Male,Caucasian,2,7.829085416,28,0,3,0,1,0,0,0.745518983,F
17,Male,Caucasian,1,5.24225944,15,1,2,1,0,0,0,1.794667106,F
16,Female,Caucasian,1,6.860880116,25,0,2,0,1,0,0,0.701263713,F
17,Female,African American,2,8.214008012,5,0,1,0,0,0,0,2.457901407,D
16,Female,Asian,1,14.40832138,26,0,0,0,0,0,0,0.42913728,F
15,Female,Other,2,18.87130434,1,0,2,0,0,0,0,3.618272712,A
18,Female,African American,0,0.837607877,23,0,0,1,0,0,0,0.425813761,F
17,Male,Asian,2,10.06136645,7,1,3,1,0,0,0,2.735960967,C
17,Male,Caucasian,2,0.983170472,6,1,1,0,0,0,0,2.573440474,C
16,Male,Caucasian,2,17.07259857,24,1,0,0,0,0,0,0.802647806,F
18,Male,Caucasian,1,14.64909258,14,1,2,0,0,0,0,2.401469995,D
15,Male,Caucasian,1,13.14395323,21,0,2,0,1,0,0,1.266286344,F
18,Male,Asian,2,8.78058488,17,0,4,1,0,0,0,1.62246463,F
15,Male,Caucasian,2,0.897620329,11,0,2,0,0,0,0,1.858296307,F
15,Male,Caucasian,0,18.40227627,22,0,0,0,1,0,0,0.640439809,F
17,Female,African American,1,0.579934887,12,0,1,0,0,0,0,1.429180582,F
16,Male,Caucasian,3,9.636745072,24,0,0,0,0,0,0,0.632826221,F
18,Male,African American,3,4.285436186,29,1,2,0,1,0,0,0.397989397,F
16,Male,African American,0,1.289813609,9,1,1,0,0,0,0,2.064564303,D
15,Female,African American,2,11.48587079,1,0,2,0,1,0,0,3.121119482,B
15,Male,African American,0,12.44058959,13,1,1,0,1,0,0,1.920609663,F
15,Male,Caucasian,2,16.34204266,21,1,1,0,1,0,0,1.272010108,F
18,Female,Asian,2,17.22017643,28,0,4,0,0,0,0,1.066424623,F
18,Male,Caucasian,2,12.98161204,4,1,2,1,0,0,0,3.343278194,B
15,Male,Caucasian,2,18.3419701,4,0,2,1,0,0,0,3.492211997,B
17,Female,Caucasian,2,0.087191599,6,0,1,0,1,0,0,2.440006097,D
15,Female,Asian,2,18.49302211,7,0,2,0,0,0,0,2.868464156,C
18,Male,Caucasian,0,2.250082665,21,0,0,0,0,0,0,0.516631514,F
15,Male,Caucasian,1,1.897684603,2,0,1,1,0,0,0,2.89147847,C
16,Male,Other,2,6.660152661,22,0,1,0,0,0,0,0.710956982,F
18,Female,Caucasian,2,8.858281961,0,1,4,1,0,0,0,4.0,A
17,Female,Caucasian,2,0.683511781,6,0,2,1,0,0,0,2.676389709,C
16,Female,Caucasian,1,6.393041245,18,0,4,1,0,0,0,1.854700442,F
18,Female,African American,2,16.20865827,1,0,3,1,0,0,0,3.548520551,A
15,Female,Caucasian,1,13.96233848,29,1,3,0,0,0,0,0.875201088,F
16,Female,Other,1,5.449343681,23,0,1,1,0,0,0,0.551139653,F
18,Female,Caucasian,2,16.635706,24,1,4,0,1,0,0,1.580398636,F
16,Female,African American,2,0.194007098,18,0,3,0,0,0,0,1.331229486,F
17,Female,Caucasian,3,11.57170697,25,0,3,1,0,0,0,1.36356155,F
17,Female,African American,2,1.501872916,16,0,2,1,0,0,0,1.479668777,F
16,Male,Caucasian,3,18.86714597,21,1,2,1,0,0,0,1.581203876,F
16,Male,Other,3,7.301673466,27,0,0,0,0,0,0,0.0,F
16,Male,Caucasian,2,18.25168436,18,1,2,1,0,0,0,1.886578593,F
18,Female,Caucasian,0,15.61043606,26,0,3,0,0,0,0,0.863545352,F
15,Female,Asian,2,15.10874545,15,0,2,0,0,0,0,1.488705295,F
16,Female,African American,2,12.7600647,18,0,1,0,0,0,0,1.364736911,F
17,Female,Other,1,12.57442774,0,1,3,1,0,0,0,3.830205375,A
17,Female,Asian,3,11.07456463,18,0,3,0,0,0,0,1.597365745,F
18,Male,Other,1,15.53892777,22,0,2,0,0,0,0,1.01826465,F
17,Male,Caucasian,1,4.312795255,4,0,3,1,1,0,0,3.152519371,B
17,Male,Caucasian,2,1.676083182,29,0,1,1,0,0,0,0.217042011,F
17,Male,Caucasian,1,9.657888732,16,0,2,1,1,0,0,1.811622381,F
18,Female,African American,0,10.28161391,10,0,3,1,0,0,0,2.777966932,C
16,Male,African American,0,8.875671586,25,0,3,1,0,0,0,1.101939932,F
17,Male,Caucasian,3,11.41706051,7,0,1,0,0,0,0,2.06017205,D
16,Female,Asian,1,10.54141877,9,0,3,0,0,0,0,2.524422658,C
16,Female,Caucasian,3,0.764055675,11,0,3,0,0,0,0,1.966514042,F
18,Male,African American,2,12.30429793,9,0,3,0,0,0,0,2.841519002,C
15,Female,African American,3,16.56086572,12,0,2,0,0,0,0,2.200020267,D
17,Female,Caucasian,3,3.150010962,25,1,3,0,0,0,0,0.925269361,F
18,Female,Caucasian,0,11.87221089,9,0,3,1,0,0,0,2.669640829,C
18,Male,Asian,1,3.283699281,18,0,2,0,0,0,0,1.32766643,F
15,Male,Caucasian,2,7.874383393,19,0,2,0,0,0,0,1.537989779,F
18,Male,Caucasian,2,4.548434574,15,0,2,1,0,0,0,1.580926627,F
15,Female,Asian,1,3.426490889,4,0,2,1,0,0,0,2.883799715,C
17,Female,Caucasian,1,12.87104246,26,0,1,0,1,0,0,0.611569306,F
18,Male,Asian,2,1.76012055,14,0,2,0,0,0,0,1.567412438,F
17,Male,Caucasian,0,17.87069167,25,0,3,0,0,0,0,1.219747245,F
15,Female,African American,1,9.247228945,21,1,2,0,1,0,0,1.455085453,F
16,Female,Other,1,17.27154006,22,0,1,1,0,0,0,1.280041579,F
15,Male,African American,2,18.5852195,26,0,2,0,0,0,0,1.043380128,F
17,Male,African American,2,15.63046259,3,0,0,1,0,0,0,2.898151346,C
17,Female,Caucasian,2,18.61615345,18,0,3,0,0,0,0,1.820920109,F
15,Female,African American,1,4.915006244,21,0,2,0,0,0,0,0.728794517,F
18,Male,Caucasian,0,11.539183,24,1,1,0,0,0,0,0.902357255,F
16,Male,Caucasian,1,0.106483811,14,0,4,0,0,0,0,1.996107386,F
17,Female,Caucasian,1,11.29638326,27,0,2,0,1,0,0,0.622706295,F
18,Male,Other,2,6.453674142,23,1,2,0,1,0,0,1.348607002,F
18,Male,African American,1,17.02968899,8,0,3,0,0,0,0,2.745554083,C
16,Male,Other,2,17.06345957,22,0,3,0,0,0,0,1.589269707,F
18,Female,Caucasian,2,9.010730781,23,0,1,0,0,0,0,0.737048752,F
18,Male,Caucasian,0,0.23289799,22,0,0,0,0,0,0,0.352751959,F
15,Male,Caucasian,0,11.13624286,24,1,0,0,0,0,0,0.690156791,F
16,Male,African American,3,13.23048648,25,0,3,1,0,0,0,0.94304592,F
15,Male,African American,0,11.83828809,16,0,3,0,0,0,0,1.881978741,F
16,Male,Caucasian,2,14.72559798,12,0,3,1,1,0,0,2.474039537,D
17,Female,African American,1,1.335005097,14,0,3,0,0,0,0,1.563591912,F
18,Female,Caucasian,1,2.328910482,6,0,2,0,0,0,0,2.455643755,D
16,Female,African American,2,11.92949155,0,0,1,0,0,0,0,2.736604875,C
17,Female,African American,3,5.499583839,0,0,4,0,1,0,0,3.26201999,B
17,Female,Asian,2,8.592054869,23,0,2,0,0,0,0,1.154410009,F
15,Male,Asian,0,11.08645196,8,0,2,1,1,0,0,2.789099828,C
17,Female,Caucasian,2,6.574919767,11,0,1,0,0,0,0,1.538689251,F
15,Male,Asian,2,14.40867404,5,0,3,1,0,0,0,3.05607009,B
17,Male,African American,2,12.87541216,27,1,1,0,0,0,0,0.740896702,F
18,Female,Caucasian,0,6.656367222,12,0,4,0,0,0,0,2.49968118,D
15,Male,Caucasian,1,15.09745058,25,1,2,1,0,0,0,0.89524998,F
18,Male,Caucasian,2,12.74890757,7,1,3,0,1,0,0,3.014802534,B
15,Male,African American,1,11.06855402,14,0,3,0,0,0,0,1.821442174,F
18,Female,Asian,1,0.227793362,5,0,4,0,0,0,0,2.543009095,C
16,Female,Caucasian,3,13.93014367,26,0,1,1,0,0,0,0.64545438,F
16,Female,Caucasian,2,7.520835822,5,0,0,0,0,0,0,2.631367841,C
15,Female,Other,1,18.8521942,3,0,0,1,0,0,0,2.712420466,C
17,Female,Caucasian,1,16.35969542,10,0,3,0,1,0,0,2.672755461,C
18,Female,African American,3,5.043639636,29,1,2,1,0,0,0,0.210979179,F
17,Female,African American,2,4.074347866,17,0,3,1,0,0,0,1.859071573,F
16,Female,Caucasian,2,6.807696754,2,0,0,0,1,0,0,2.672866707,C
17,Female,Caucasian,2,9.531358872,2,0,1,1,0,0,0,2.719201157,C
16,Male,Caucasian,1,5.921310201,29,0,3,1,0,0,0,0.736992886,F
17,Female,African American,3,10.29858991,11,1,0,1,0,0,0,2.295213478,D
17,Male,African American,2,3.30740851,26,1,2,1,1,0,0,0.840690941,F
17,Male,Caucasian,1,19.55425626,20,1,3,0,1,0,0,2.131628504,D
18,Male,Asian,2,18.63888279,20,0,2,1,1,0,0,1.451872243,F
15,Male,Caucasian,1,10.50720964,20,0,2,0,0,0,0,1.182565054,F
16,Female,African American,3,14.49820544,27,1,0,0,0,0,0,0.130654238,F
18,Female,Caucasian,2,8.720965959,5,1,3,1,0,0,0,3.362716215,B
15,Female,African American,0,6.811518748,14,0,0,0,1,0,0,1.688476384,F
15,Male,Asian,2,11.56459572,19,0,3,0,0,0,0,1.494869559,F
18,Female,African American,1,9.962593484,28,1,1,0,1,0,0,0.0,F
16,Female,African American,2,7.339156636,27,0,2,1,0,0,0,0.508656501,F
16,Female,Caucasian,1,1.677959213,20,0,2,0,0,0,0,0.70167991,F
18,Female,Caucasian,2,1.045527445,16,0,1,1,1,0,0,1.817789572,F
18,Male,Asian,2,5.069142593,8,0,3,0,0,0,0,2.337558462,D
15,Male,African American,2,1.484937187,18,1,3,1,1,0,0,1.763324116,F
16,Female,Caucasian,3,2.075494173,17,0,3,0,0,0,0,1.580149839,F
16,Female,Other,1,16.25856811,24,1,2,1,0,0,0,1.513660413,F
17,Female,Caucasian,2,13.17885588,4,1,2,0,0,0,0,3.112170722,B
16,Female,Caucasian,2,5.451154976,27,0,2,0,0,0,0,0.30759406,F
17,Male,Asian,2,17.43091361,5,0,0,0,0,0,0,2.22851143,D
18,Male,Caucasian,1,6.111529187,10,0,2,0,0,0,0,1.977538044,F
15,Female,African American,2,10.35277871,15,1,1,1,0,0,0,2.340811013,D
15,Male,Caucasian,1,2.290657367,19,1,4,0,0,0,0,1.501240092,F
15,Male,Other,2,8.511117554,0,1,3,0,1,0,0,3.823801328,A
16,Male,Caucasian,2,14.20419697,2,1,3,0,1,0,0,3.532640383,A
15,Male,African American,2,7.27798813,20,0,2,0,0,0,0,1.022641734,F
15,Male,Other,2,16.6654861,22,1,4,0,0,0,0,1.960538709,F
16,Male,Caucasian,1,2.149064329,18,0,1,0,0,0,0,0.706825346,F
16,Female,African American,2,16.92238371,12,0,2,1,1,0,0,2.823600085,C
16,Female,African American,3,4.234335569,13,0,3,1,0,0,0,2.126276926,D
18,Female,Other,2,2.905720195,19,0,2,0,0,0,0,1.112671201,F
16,Male,Caucasian,0,19.52141172,29,0,3,1,1,0,0,1.078485135,F
17,Male,Caucasian,1,7.944550591,6,1,4,0,0,0,0,3.427620858,B
15,Male,Caucasian,2,11.42640031,3,1,3,0,0,0,0,3.248572792,B
17,Male,African American,1,19.06249225,11,0,3,0,0,0,0,2.278951505,D
16,Male,Caucasian,1,10.3347209,22,0,0,0,1,0,0,0.833079022,F
16,Male,African American,1,16.38214652,26,0,4,0,0,0,0,0.857092794,F
18,Female,Caucasian,1,10.94255285,13,0,2,0,1,0,0,1.744497663,F
18,Female,African American,1,11.51099016,27,0,1,0,1,0,0,0.693964852,F
15,Female,Other,2,19.01187932,17,0,2,1,0,0,0,2.161558737,D
16,Female,Caucasian,3,17.1826072,19,1,1,0,0,0,0,1.893344472,F
16,Female,Caucasian,1,17.05332306,21,1,2,0,0,0,0,1.708798771,F
18,Male,Caucasian,3,7.854702284,8,0,1,0,0,0,0,2.197491146,D
15,Female,Asian,0,9.286634896,19,0,2,0,0,0,0,1.050005852,F
16,Female,Caucasian,3,10.10056092,14,1,1,0,0,0,0,1.914601844,F
15,Male,African American,2,0.609930957,12,0,2,1,1,0,0,1.62783713,F
17,Female,African American,1,2.63620747,21,0,1,1,1,0,0,1.069524152,F
15,Female,Asian,2,17.73179192,15,0,2,0,1,0,0,2.369652313,D
17,Male,African American,2,15.03359534,1,0,1,0,0,0,0,2.974740695,C
16,Male,Caucasian,2,8.457368181,25,0,2,1,0,0,0,0.357808892,F
18,Male,African American,3,7.399977719,26,0,1,0,0,0,0,0.330966908,F
18,Female,African American,2,15.68374358,1,1,4,0,1,0,0,3.951459951,A
15,Male,Other,0,15.2657038,7,0,1,0,0,0,0,2.795210553,C
15,Male,Caucasian,1,14.4522345,3,1,3,1,0,0,0,3.561743268,A
15,Female,Caucasian,1,4.090086774,20,1,3,0,0,0,0,1.361088227,F
15,Male,Caucasian,2,6.615859829,10,0,4,1,0,0,0,2.837891418,C
15,Female,Other,3,2.764641736,13,0,3,1,0,0,0,1.467968316,F
16,Female,African American,2,19.59828866,15,0,2,1,0,0,0,2.481813409,D
16,Male,Asian,2,4.517628259,5,0,4,1,0,0,0,2.876083673,C
16,Female,Caucasian,1,12.24317318,19,0,3,0,1,0,0,1.662692199,F
18,Female,Caucasian,3,8.659460997,0,0,1,1,0,0,0,2.964058726,C
18,Female,Asian,2,9.75753212,6,1,4,0,1,0,0,3.207819245,B
16,Male,Asian,2,14.04328657,7,1,0,0,0,0,0,2.553484846,C
17,Male,Caucasian,1,10.26439952,8,1,3,1,1,0,0,3.128858646,B
15,Male,Other,1,17.44212127,1,1,1,1,1,0,0,4.0,A
15,Female,Asian,3,1.724983426,19,0,0,0,1,0,0,0.684887998,F
18,Male,Other,3,18.73131223,12,0,2,1,0,0,0,2.234696287,D
16,Male,Asian,2,11.52811103,9,0,2,0,1,0,0,2.470924003,D
15,Female,Caucasian,3,15.84006252,11,0,3,0,1,0,0,2.512488759,C
17,Male,Other,3,5.825874944,2,0,2,0,0,0,0,2.637348955,C
18,Female,Caucasian,2,16.22461117,14,1,2,0,1,0,0,2.084547707,D
15,Female,Asian,0,4.452984705,6,0,4,1,0,0,0,2.777885894,C
17,Male,Other,2,14.34807111,29,0,3,0,0,0,0,0.484183196,F
17,Male,Caucasian,1,18.86596794,5,0,2,0,0,0,0,2.875735286,C
18,Female,Other,1,10.55544418,3,1,3,0,0,0,0,3.471337214,B
17,Male,Caucasian,2,10.80058385,18,0,2,0,0,0,0,1.318074459,F
16,Female,Asian,0,9.220671362,4,0,1,1,0,0,0,2.715908932,C
16,Male,Caucasian,3,6.517802868,2,1,2,0,1,0,0,3.474561845,B
17,Male,Caucasian,2,9.513100618,25,0,3,1,0,0,0,0.934942991,F
18,Male,African American,0,19.71983144,8,0,3,0,1,0,0,2.726094629,C
16,Female,Caucasian,1,18.75529119,5,1,2,1,0,0,0,3.09906465,B
16,Male,Caucasian,0,17.24305917,12,0,2,1,0,0,0,2.073545292,D
18,Female,Other,3,9.356983666,21,0,2,0,0,0,0,0.766273679,F
15,Female,Caucasian,2,13.14888654,27,0,3,0,0,0,0,0.636132934,F
17,Female,Caucasian,1,19.23524957,3,0,0,1,0,0,0,2.821108107,C
17,Male,Asian,2,12.02165331,25,0,3,1,0,0,0,0.705861631,F
17,Male,African American,3,14.19609427,3,0,2,1,0,0,0,2.912722178,C
18,Female,Caucasian,0,19.01184026,7,0,2,0,0,0,0,2.894723042,C
17,Male,Asian,1,4.892325481,12,0,1,1,1,0,0,1.777279849,F
16,Female,Asian,1,10.41631172,17,1,2,0,0,0,0,1.939076537,F
17,Male,African American,1,5.371142812,8,0,1,0,0,0,0,2.291686152,D
15,Female,Asian,2,15.5321368,29,0,1,0,1,0,0,0.584740729,F
16,Male,Caucasian,2,13.21947641,12,0,1,1,0,0,0,1.738942134,F
16,Male,African American,2,9.625479037,14,0,3,0,0,0,0,1.648288922,F
15,Female,African American,2,3.967450797,28,0,2,1,1,0,0,0.672936198,F
15,Male,African American,1,19.23280985,13,0,2,1,1,0,0,2.607172929,C
15,Female,Caucasian,1,14.67840741,14,1,3,0,0,0,0,2.197394592,D
15,Male,African American,0,8.220943871,13,1,3,1,0,0,0,2.332971817,D
15,Male,Asian,0,7.102635281,15,0,2,1,0,0,0,1.773293697,F
17,Male,Caucasian,3,8.183932876,28,1,3,0,0,0,0,0.840985451,F
18,Male,African American,2,10.88360232,14,0,0,1,1,0,0,1.563574034,F
17,Female,Caucasian,1,2.695715698,8,0,2,1,1,0,0,2.572391709,C
17,Female,Caucasian,1,9.92150957,4,0,1,0,0,0,0,2.307596623,D
16,Female,Caucasian,1,2.522715726,10,0,3,1,0,0,0,2.310557286,D
17,Male,Caucasian,1,8.035873407,23,0,1,1,0,0,0,0.683505301,F
16,Male,Caucasian,3,18.17961784,27,0,4,0,0,0,0,0.970912379,F
16,Male,Caucasian,1,15.38339739,19,0,3,0,1,0,0,1.885916652,F
18,Male,African American,3,7.371249381,17,0,1,1,0,0,0,1.469964557,F
17,Female,Caucasian,2,19.20023762,24,0,3,0,0,0,0,1.436375445,F
15,Male,Caucasian,1,16.4092258,2,1,1,1,1,0,0,3.399542858,B
18,Male,African American,2,17.07896926,3,1,1,0,1,0,0,3.563535791,A
17,Male,Asian,2,5.419264157,6,0,1,0,0,0,0,2.504005287,C
15,Male,African American,2,5.712531994,25,1,3,1,0,0,0,0.966948807,F
15,Male,Caucasian,0,17.10816324,23,0,2,0,1,0,0,0.864785084,F
16,Male,Caucasian,1,0.637695904,15,1,4,1,0,0,0,1.993952453,F
15,Female,Caucasian,2,1.52199978,19,0,2,1,0,0,0,1.20017972,F
17,Female,Caucasian,2,5.478297413,14,0,4,0,1,0,0,2.195712898,D
16,Female,Other,3,11.26253188,21,0,2,0,0,0,0,0.850743865,F
18,Male,Asian,3,0.115413226,21,1,2,1,0,0,0,1.003365306,F
18,Female,Caucasian,3,8.586455314,21,0,2,1,1,0,0,1.390539698,F
17,Male,Caucasian,1,13.52283577,23,1,4,1,0,0,0,1.964846656,F
15,Female,Caucasian,1,14.04194377,13,1,4,1,0,0,0,2.688229331,C
15,Male,African American,1,14.41786438,14,1,4,1,1,0,0,2.739701667,C
15,Male,Caucasian,1,0.001056539,4,1,3,0,1,0,0,2.968807133,C
18,Male,African American,1,16.28417534,4,0,3,1,0,0,0,3.503743265,A
18,Female,Caucasian,2,0.312865906,19,0,3,0,0,0,0,1.41760401,F
15,Female,Caucasian,0,18.67717592,27,1,4,0,0,0,0,1.139337063,F
16,Female,African American,1,16.19577057,24,0,3,0,0,0,0,0.769589864,F
15,Female,Caucasian,1,16.74438286,8,0,2,0,0,0,0,2.348443454,D
17,Female,African American,2,19.19833379,8,0,4,0,0,0,0,2.717096954,C
16,Female,Caucasian,2,13.57094683,3,0,2,0,0,0,0,2.65654078,C
15,Male,Caucasian,2,11.41122809,14,0,1,0,0,0,0,1.527748066,F
17,Male,Caucasian,2,11.98587133,17,1,2,0,0,0,0,1.706212489,F
18,Male,Caucasian,0,9.52676587,28,1,3,0,0,0,0,0.959041523,F
18,Male,Other,2,1.521694535,7,0,3,0,0,0,0,1.858924856,F
17,Male,African American,2,10.02239402,24,1,2,0,0,0,0,1.000775557,F
15,Female,Asian,1,13.73904883,15,0,4,1,1,0,0,2.413651873,D
17,Female,Caucasian,1,15.83813077,25,1,2,0,0,0,0,1.172191633,F
16,Male,Caucasian,3,11.66037295,27,0,1,1,0,0,0,0.2759351,F
15,Male,Caucasian,3,18.17835488,21,1,2,0,1,0,0,1.90764038,F
16,Male,Caucasian,2,1.286384464,21,0,3,0,0,0,0,0.91571218,F
17,Male,Asian,2,8.047410791,8,0,4,1,1,0,0,3.12911664,B
15,Male,Caucasian,1,10.73736436,24,0,0,0,1,0,0,0.153031812,F
17,Male,Other,3,18.21589861,17,0,3,0,1,0,0,1.711984677,F
15,Female,Caucasian,1,16.93108645,26,1,3,1,1,0,0,1.419977099,F
17,Male,Caucasian,1,2.549994533,4,0,2,0,1,0,0,2.438731253,D
18,Male,Caucasian,2,1.860607495,26,0,2,1,0,0,0,0.316755974,F
18,Female,Asian,2,11.78534678,1,0,4,0,1,0,0,3.543315915,A
16,Female,Other,3,10.64235945,6,0,4,1,1,0,0,3.125269662,B
17,Female,Caucasian,0,5.327552829,26,1,1,0,1,0,0,0.655011588,F
17,Female,Asian,2,17.98906169,9,1,3,1,1,0,0,3.511613863,A
17,Female,Caucasian,1,17.80605114,6,0,2,1,0,0,0,3.201181955,B
16,Female,Caucasian,1,7.678977885,27,0,1,0,0,0,0,0.100592148,F
18,Male,Other,2,14.73633664,4,1,1,1,0,0,0,3.017133682,B
17,Female,Caucasian,1,9.518844351,14,0,3,1,1,0,0,2.220548509,D
16,Female,Caucasian,3,18.55868402,27,0,2,0,1,0,0,0.991892391,F
17,Male,Asian,1,9.081931868,19,0,2,0,0,0,0,1.175347658,F
16,Female,Caucasian,1,14.68974081,14,1,0,1,0,0,0,2.292539642,D
16,Female,Asian,1,2.010607174,25,0,2,1,1,0,0,0.665741207,F
17,Male,Asian,2,9.92438959,28,1,4,0,0,0,0,0.728918814,F
17,Male,African American,2,6.694706532,13,0,3,0,0,0,0,1.829810546,F
18,Male,Caucasian,0,13.90976918,25,0,2,1,0,0,0,0.94094722,F
18,Male,Caucasian,1,13.97271179,25,0,3,1,0,0,0,1.152866691,F
15,Female,African American,3,14.07871815,9,1,3,1,0,0,0,3.030196983,B
16,Female,Caucasian,3,9.85043708,16,0,1,1,0,0,0,1.757091954,F
16,Female,Caucasian,1,6.153101747,12,0,3,0,0,0,0,1.789036776,F
18,Male,Other,0,4.970714879,6,0,4,0,0,0,0,2.684821287,C
17,Male,Asian,3,6.08310509,15,0,3,1,0,0,0,1.89934025,F
18,Female,Other,0,6.544423663,23,1,2,1,0,0,0,1.208332283,F
15,Male,Caucasian,2,4.84391784,21,0,2,0,1,0,0,1.526916046,F
18,Female,Caucasian,1,3.381154983,8,1,2,0,1,0,0,2.686716754,C
16,Male,Caucasian,1,2.59412516,22,0,2,0,0,0,0,0.741103055,F
16,Male,African American,2,13.74779825,8,0,2,0,0,0,0,1.935602561,F
18,Male,Caucasian,2,16.21441346,23,1,1,0,1,0,0,1.230428756,F
15,Female,Caucasian,1,0.895028679,28,0,3,1,0,0,0,0.14706887,F
18,Female,African American,2,5.602682376,19,0,2,0,0,0,0,1.016215042,F
16,Male,Asian,1,5.783565077,10,0,2,0,0,0,0,2.027841922,D
17,Female,Caucasian,2,6.195306283,7,0,3,1,0,0,0,2.670947554,C
17,Female,Caucasian,1,10.43768924,6,0,2,0,1,0,0,2.872879366,C
16,Female,Asian,2,13.27408958,27,1,1,0,1,0,0,1.029648645,F
16,Male,African American,1,7.622010272,18,1,3,0,0,0,0,1.757497313,F
16,Male,Caucasian,1,14.38940463,19,0,4,1,1,0,0,1.895283343,F
17,Male,African American,3,5.805673546,6,0,2,0,0,0,0,2.053147894,D
15,Female,Asian,3,10.82376112,7,0,2,0,0,0,0,2.329719254,D
15,Female,Asian,1,0.474327206,6,0,1,0,1,0,0,1.756211553,F
18,Male,Caucasian,1,8.359390872,24,0,3,0,0,0,0,0.693712512,F
17,Male,Caucasian,2,14.4302356,26,1,4,0,0,0,0,0.989468441,F
17,Male,Caucasian,3,1.76253139,12,1,2,0,1,0,0,2.137068106,D
17,Male,African American,3,16.92636026,6,0,2,1,1,0,0,3.032105333,B
16,Male,African American,1,14.64601541,7,0,3,1,0,0,0,2.804363175,C
18,Male,Caucasian,2,12.21893051,21,0,0,0,0,0,0,0.612802502,F
15,Male,Caucasian,3,16.40585921,16,1,2,0,1,0,0,2.20223294,D
16,Female,Caucasian,3,8.082196955,16,0,2,0,0,0,0,1.410262038,F
15,Male,Caucasian,0,4.430021017,15,0,2,0,1,0,0,1.441409543,F
16,Female,Caucasian,2,10.97683511,1,0,0,0,0,0,0,2.790575147,C
15,Female,African American,1,10.76652744,29,0,1,0,0,0,0,0.378543635,F
15,Male,Caucasian,0,18.97409836,16,0,4,1,1,0,0,2.391687683,D
18,Female,Caucasian,2,18.04491246,12,0,0,0,1,0,0,1.783107467,F
18,Male,Caucasian,1,17.51434073,17,0,1,1,1,0,0,1.785926986,F
18,Male,African American,0,16.02833622,23,0,4,1,0,0,0,1.268772123,F
17,Male,African American,1,18.86856215,27,1,3,1,0,0,0,1.486865652,F
15,Female,Caucasian,3,1.969892834,21,0,2,1,0,0,0,1.061935997,F
16,Female,African American,3,5.302465229,27,0,0,0,1,0,0,0.0,F
16,Female,Asian,2,9.901118913,9,0,3,0,0,0,0,2.15161798,D
15,Female,Caucasian,2,16.93068986,1,1,1,1,1,0,0,3.597489094,A
15,Male,Asian,1,5.04827626,15,0,1,0,1,0,0,1.808097198,F
16,Female,Asian,1,3.294680178,20,0,2,1,0,0,0,0.809260143,F
15,Female,Caucasian,3,7.027118693,20,1,2,1,1,0,0,1.29459288,F
16,Female,African American,3,14.16648098,27,0,2,0,0,0,0,0.796142916,F
18,Male,Caucasian,0,7.356943623,22,1,4,0,0,0,0,1.446052352,F
16,Male,Caucasian,1,11.10526645,27,0,3,0,1,0,0,0.940184257,F
16,Female,Caucasian,2,1.998637541,13,0,1,1,0,0,0,1.782060667,F
16,Male,Caucasian,0,7.397772513,3,0,1,1,0,0,0,2.813470345,C
15,Male,African American,2,14.50779203,3,0,1,1,1,0,0,3.603507572,A
15,Female,Caucasian,2,4.193218442,17,0,2,1,0,0,0,1.526960289,F
15,Male,Caucasian,1,12.32448503,0,0,1,1,0,0,0,3.333970002,B
15,Female,Caucasian,0,8.574502835,16,0,3,0,0,0,0,1.718181723,F
17,Female,African American,1,18.84601876,29,1,2,0,1,0,0,0.996647663,F
18,Female,Caucasian,2,13.91355326,6,0,3,1,0,0,0,2.986891621,C
18,Female,African American,1,15.31568585,13,1,4,0,0,0,0,2.565368053,C
15,Male,Caucasian,0,4.225258339,15,1,3,0,0,0,0,1.799531149,F
15,Male,Caucasian,2,12.6535407,7,1,3,0,1,0,0,3.183126117,B
15,Male,Asian,2,19.52027851,17,0,0,0,0,0,0,1.441964197,F
16,Male,African American,3,13.48002742,26,0,2,1,0,0,0,0.814285349,F
17,Female,African American,0,10.83012564,8,0,2,0,0,0,0,2.477790374,D
18,Female,Other,2,16.86855591,5,0,1,1,0,0,0,2.971332016,C
17,Female,Other,2,15.23485413,17,1,2,1,0,0,0,2.071972431,D
18,Female,Caucasian,0,19.96842468,24,0,1,0,0,0,0,0.906276516,F
17,Male,Asian,3,15.04804907,25,0,2,0,0,0,0,0.809067853,F
16,Male,Caucasian,1,17.27806633,23,1,3,0,0,0,0,1.683832026,F
15,Female,Caucasian,2,13.02395424,13,1,2,1,1,0,0,3.138784394,B
18,Female,African American,2,15.7623788,14,0,2,1,1,0,0,2.4359582,F
18,Male,Caucasian,1,16.70972311,17,0,3,0,0,0,0,1.688489609,F
15,Male,Asian,1,3.253044364,13,1,1,0,0,0,0,1.844056379,B
17,Male,Asian,3,17.08691966,25,1,2,0,0,0,0,1.305584514,C
16,Male,Caucasian,1,13.73535591,0,0,2,1,0,0,0,3.545153036,C
17,Male,Caucasian,2,16.60500386,28,0,0,0,1,0,0,0.375147851,F
15,Female,Other,1,8.384984986,19,1,2,1,1,0,0,1.557870493,D
16,Female,African American,2,3.879879124,9,1,0,0,0,0,0,2.18571084,D
16,Male,Other,0,5.697053532,9,0,1,0,1,0,0,2.459804672,B
17,Female,Caucasian,2,10.10328037,26,0,2,0,1,0,0,0.427568507,F
16,Male,Asian,2,10.62661585,23,0,0,1,0,0,0,0.871999115,D
15,Female,Asian,2,16.11161653,1,0,2,1,0,0,0,3.222937499,B
16,Female,African American,2,15.82705447,28,0,1,1,1,0,0,0.818126103,C
15,Male,Other,3,11.62733114,27,1,2,1,0,0,0,0.618936614,F
15,Male,Caucasian,2,15.61570967,26,0,3,1,0,0,0,1.174609514,A
17,Female,African American,1,1.001290542,0,0,2,0,0,0,0,2.995458296,D
18,Male,Asian,2,17.47267645,0,0,0,0,1,0,0,3.353659743,F
16,Female,African American,3,1.511089875,3,0,3,0,0,0,0,2.732661197,A
15,Male,Caucasian,3,4.933768595,6,0,1,1,0,0,0,2.555667543,F
16,Female,Caucasian,1,8.188958753,15,1,3,0,0,0,0,2.060792459,C
17,Male,Caucasian,2,17.5262794,4,0,4,0,0,0,0,3.115250556,D
17,Female,African American,2,5.959595893,1,1,2,1,0,0,0,3.453790619,B
15,Female,Asian,1,0.237426933,27,0,0,0,1,0,0,0.0,D
15,Male,Caucasian,0,6.013112811,22,0,3,0,0,0,0,1.028183689,B
17,Female,Caucasian,3,11.56150098,10,0,0,1,0,0,0,1.989455196,F
18,Male,Caucasian,1,7.518767508,17,1,3,0,0,0,0,1.672034058,B
15,Male,Asian,0,17.53196238,24,0,2,1,0,0,0,0.859745288,B
17,Female,Caucasian,2,5.319481293,12,0,4,0,1,0,0,2.268850734,A
16,Female,Asian,2,9.242809465,23,1,3,1,0,0,0,1.119441018,F
16,Male,Asian,1,18.98224914,19,0,3,0,0,0,0,1.499701932,A
16,Female,Caucasian,2,19.97234638,18,0,2,1,0,0,0,1.87909846,B
16,Female,Other,0,4.708144977,16,1,3,0,0,0,0,1.699348106,B
15,Male,Caucasian,1,14.53959743,4,0,3,0,1,0,0,3.36759116,B
18,Male,Caucasian,3,7.560621245,12,0,0,0,0,0,0,1.287818998,D
17,Female,Caucasian,2,0.162163938,29,0,2,0,0,0,0,0.0,B
18,Male,Caucasian,1,0.185050449,26,0,4,0,0,0,0,0.57640272,A
16,Male,Caucasian,2,9.76669826,0,0,0,0,1,0,0,3.043931624,C
15,Male,Caucasian,0,0.451393931,9,0,1,0,0,0,0,1.756186168,F
15,Male,Asian,1,5.880067772,23,0,2,1,1,0,0,1.093387571,C
17,Male,Caucasian,1,11.19786203,28,0,2,0,1,0,0,0.763471998,C
15,Male,Asian,3,6.018381463,7,0,1,0,0,0,0,2.297355586,A
15,Male,Asian,1,3.342686297,18,1,3,1,1,0,0,1.651156129,A
16,Male,Caucasian,2,4.645467296,11,0,1,1,0,0,0,2.055772256,D
15,Male,African American,3,10.69601954,27,1,1,1,0,0,0,0.769740612,F
16,Male,Other,1,3.976570606,6,0,4,0,0,0,0,2.635693451,B
18,Female,African American,2,13.41949419,20,0,2,1,0,0,0,1.325172784,B
17,Male,African American,3,2.207884685,21,1,3,0,0,0,0,1.333974103,A
15,Male,Caucasian,2,1.417434013,9,0,4,0,1,0,0,2.407284043,B
15,Female,Asian,2,11.96364891,9,0,2,0,0,0,0,2.26616031,A
17,Male,Asian,2,5.288085959,19,1,3,1,0,0,0,1.760999679,A
15,Male,Caucasian,0,10.55248914,28,0,4,1,0,0,0,0.813017422,A
18,Female,Caucasian,1,18.48708692,0,0,2,1,0,0,0,3.211743755,B
16,Male,African American,1,10.98166445,16,0,0,0,0,0,0,1.278235666,F
15,Male,Asian,2,5.708105806,13,1,2,0,1,0,0,2.243593091,C
17,Male,Caucasian,3,16.88419172,18,0,2,1,0,0,0,1.557687965,B
17,Female,Asian,1,8.647927204,20,0,3,0,1,0,0,1.162574074,C
18,Male,Caucasian,2,3.777403735,13,0,2,0,0,0,0,1.273818176,C
17,Male,Asian,2,14.02282263,7,0,0,0,0,0,0,2.210289203,F
16,Female,Caucasian,1,5.812859386,20,1,1,0,0,0,0,1.008571903,B
18,Male,Caucasian,2,5.9498534,20,1,0,0,0,0,0,0.968725635,B
17,Female,Asian,1,5.926961538,8,1,1,0,0,0,0,2.681277359,D
18,Male,Asian,1,4.596520836,12,1,2,1,0,0,0,2.376854346,D
16,Male,Caucasian,0,14.30473707,18,1,2,1,0,0,0,1.779756126,B
16,Male,Asian,1,3.423694877,27,0,3,1,0,0,0,0.557548887,C
18,Male,Caucasian,3,4.750322412,16,0,3,0,0,0,0,1.51476376,A
18,Female,Asian,2,7.598010446,0,1,3,0,0,0,0,3.040729613,F
15,Male,African American,3,9.518126549,4,1,2,1,0,0,0,3.208461746,D
18,Male,African American,2,0.891400814,24,0,1,1,0,0,0,0.621119928,B
15,Male,Asian,1,14.32126107,25,1,3,0,0,0,0,1.302392884,F
15,Male,Asian,3,6.463881306,1,0,2,1,1,0,0,3.482452519,F
16,Female,Asian,1,6.373945146,26,1,3,0,1,0,0,1.252348589,C
18,Female,Caucasian,3,8.970850987,24,1,1,0,1,0,0,1.169745803,B
15,Female,Asian,3,12.52489646,15,0,0,1,1,0,0,2.284791447,A
18,Female,African American,3,2.927461332,21,0,2,0,0,0,0,1.021019253,C
15,Female,Caucasian,2,17.18869166,4,0,2,0,1,0,0,3.275903453,D
17,Male,Asian,2,5.125098478,11,0,3,1,1,0,0,2.430091199,F
17,Female,Caucasian,2,17.42543702,29,0,2,0,0,0,0,0.214570091,A
18,Female,Caucasian,0,13.26295659,15,0,3,1,0,0,0,2.024030376,B
18,Male,Asian,2,6.834237587,5,0,3,1,0,0,0,3.034167439,D
16,Male,Caucasian,1,13.67399091,14,0,1,1,0,0,0,1.699825309,A
17,Female,African American,1,14.7128532,28,0,3,0,0,0,0,0.524213567,B
15,Female,African American,2,9.74032081,15,0,0,0,0,0,0,1.302641404,D
16,Male,Other,2,18.51577099,11,0,1,0,0,0,0,2.569614181,A
18,Female,Caucasian,1,18.18530087,9,0,3,0,1,0,0,2.702958618,A
18,Male,Caucasian,2,7.202842283,1,0,4,0,1,0,0,3.384992089,B
18,Male,Caucasian,2,9.300706495,28,1,3,0,0,0,0,0.390755887,A
18,Male,Caucasian,2,13.79792007,2,1,3,0,0,0,0,3.597766084,C
15,Male,African American,1,17.67995554,8,0,0,0,1,0,0,2.275665113,C
17,Female,Other,2,4.13972606,10,0,4,1,0,0,0,2.710576701,D
15,Male,Caucasian,2,19.5771203,21,1,2,1,0,0,0,2.095691365,F
15,Female,African American,0,17.60503547,9,0,1,0,0,0,0,2.380839869,F
17,Female,Caucasian,2,5.598746594,25,0,4,0,0,0,0,0.662078737,F
15,Male,Asian,2,2.119118227,13,1,3,1,0,0,0,1.996513116,A
15,Male,African American,1,2.24482144,8,0,4,1,0,0,0,2.139864151,D
15,Male,African American,0,5.824466372,19,0,3,0,1,0,0,1.361434707,D
16,Female,Caucasian,0,12.28367448,26,0,2,0,1,0,0,0.495859041,D
17,Male,Caucasian,1,12.47506769,21,0,1,0,0,0,0,0.954787542,A
16,Female,African American,1,0.112626255,28,0,2,0,0,0,0,0.0,B
15,Male,Caucasian,0,7.266489511,4,0,1,0,0,0,0,2.536633782,C
15,Male,Caucasian,3,0.867943572,10,1,2,0,0,0,0,2.240450838,A
16,Female,Asian,0,6.969559516,0,1,2,0,0,0,0,3.052640958,B
15,Female,African American,1,3.583593493,20,0,3,1,0,0,0,0.953840685,D
17,Female,Caucasian,1,9.906352939,25,0,3,1,1,0,0,1.08238995,D
16,Male,Asian,0,8.553835761,29,0,3,0,1,0,0,0.528225551,D
16,Female,African American,0,19.12039421,21,0,1,1,0,0,0,1.462746292,F
18,Male,Caucasian,1,4.294702502,6,0,1,0,0,0,0,2.006721725,D
17,Female,African American,3,10.3332852,27,0,2,0,0,0,0,0.473300871,D
16,Female,Caucasian,2,11.13688826,4,0,4,1,1,0,0,3.546432809,B
17,Female,Other,3,18.58041771,16,1,2,1,0,0,0,2.288466675,F
17,Male,Caucasian,2,7.559367113,21,0,3,1,0,0,0,1.339935509,F
16,Male,Caucasian,1,9.273516115,25,0,2,1,0,0,0,0.813147627,D
16,Female,Caucasian,3,12.17998222,5,0,3,1,1,0,0,3.262922355,C
16,Male,Caucasian,3,5.764239369,15,1,3,1,0,0,0,2.179357069,A
15,Male,Other,2,10.89062586,9,0,2,1,0,0,0,2.226513595,C
18,Male,Asian,2,10.64620527,14,0,2,0,0,0,0,1.565647848,B
17,Male,Asian,3,1.517432824,6,0,1,1,0,0,0,2.078777899,A
15,Male,Caucasian,3,3.780345655,11,1,1,0,1,0,0,2.073033167,C
16,Male,Asian,2,9.388697243,18,0,1,0,1,0,0,1.288937696,C
17,Female,Other,2,14.40645833,11,0,4,0,0,0,0,2.547449606,A
15,Male,Caucasian,1,7.909781524,5,0,3,0,0,0,0,2.915898133,A
18,Male,Caucasian,3,12.20787733,1,0,3,0,1,0,0,3.250110011,D
18,Female,Caucasian,1,9.21369947,25,1,1,1,0,0,0,0.932669739,C
15,Male,Other,2,1.889248516,2,0,0,0,1,0,0,2.45150244,D
18,Male,Caucasian,2,18.98138787,21,0,1,0,0,0,0,1.088882482,F
16,Female,Caucasian,2,1.565489615,4,1,4,1,1,0,0,3.979420918,F
16,Male,Caucasian,3,7.262651805,22,0,3,0,0,0,0,0.766257447,D
16,Male,Caucasian,2,8.367666754,2,0,4,1,0,0,0,3.286585134,B
18,Male,African American,3,12.68486182,20,0,2,0,0,0,0,1.347633493,C
16,Female,African American,2,15.48954839,7,0,0,0,0,0,0,2.462943118,A
17,Female,Asian,2,0.675783019,19,1,0,0,0,0,0,1.041028901,C
18,Female,Asian,1,11.86311991,9,0,3,1,0,0,0,2.669979035,C
18,Female,Caucasian,2,3.734659882,1,1,0,0,0,0,0,2.735041611,A
17,Female,Asian,2,6.918990357,3,0,2,0,0,0,0,2.742091794,C
16,Female,Caucasian,2,6.959373323,17,0,0,0,0,0,0,0.984294295,C
18,Male,African American,2,9.404981707,15,0,3,0,0,0,0,1.849103876,B
18,Male,Other,2,19.0889539,25,0,2,0,0,0,0,0.825019641,B
16,Male,Asian,1,2.313504473,5,1,3,1,0,0,0,2.913898459,A
17,Female,Asian,2,14.66723029,3,0,0,1,0,0,0,2.928219391,B
18,Male,Caucasian,2,12.74997606,8,1,0,1,1,0,0,2.652354813,C
18,Female,Caucasian,2,16.53455297,12,0,3,0,0,0,0,2.50949123,B
16,Female,Caucasian,2,2.138397288,8,0,1,1,1,0,0,1.979379414,B
15,Male,Asian,0,10.09508647,5,0,3,0,0,0,0,2.956254524,A
16,Male,Caucasian,3,13.94182277,20,0,2,0,0,0,0,1.191929046,D
16,Female,Asian,2,11.7364089,18,1,4,0,0,0,0,1.810037823,D
15,Female,Caucasian,1,16.65558142,13,1,3,0,1,0,0,2.539112849,F
16,Female,Caucasian,1,1.44543418,20,0,3,1,1,0,0,1.395630675,B
16,Male,Caucasian,2,13.81402079,14,0,2,0,0,0,0,2.000084011,F
18,Female,Caucasian,3,10.68055461,2,0,4,1,0,0,0,3.455509411,A
17,Male,Caucasian,1,7.58321728,4,1,4,0,1,0,0,3.279149727,F
